,Name,intensity_std,intensity_mean,phase_std,phase_mean,mod_std,mod_mean,phaselifetime_std,phaselifetime_mean,modulationlifetime_std,modulationlifetime_mean
0,ABS,0.008855076,0.29506797,0.61855036,25.232336,0.014017493,0.8078103,0.067523934,2.503136,0.18696576,3.903217
1,ABS,0.012193188,0.45329913,0.72274643,24.69043,0.018389355,0.8122952,0.082265146,2.4545622,0.27820286,3.7740242
2,ABS,0.012519003,0.448819,0.70771337,24.898033,0.01802541,0.81169224,0.08105413,2.4781127,0.27397007,3.7907302
3,ABS,0.014466139,0.47242737,0.7201896,24.940502,0.019806981,0.8119443,0.0826242,2.48332,0.30580974,3.7781003
4,ABS,0.011446324,0.4341379,0.6929068,25.034334,0.017054385,0.8116327,0.07969257,2.4917843,0.25645947,3.797318
5,ABS,0.010485672,0.39723465,0.6567457,25.367981,0.015194763,0.8106326,0.07574845,2.5162177,0.22307599,3.8359826
6,ABS,0.010283864,0.3694272,0.65100926,24.63845,0.01451242,0.8116721,0.07366736,2.448753,0.20705444,3.80831
7,ABS,0.010557852,0.36850604,0.6478296,24.741964,0.014392204,0.8115097,0.07357341,2.4607196,0.20544001,3.8151739
8,ABS,0.009627606,0.3531701,0.663519,24.823006,0.014142076,0.81081873,0.07236929,2.4692564,0.19997966,3.8347862
9,ABS,0.010299707,0.39272436,0.6581123,25.350588,0.014983811,0.8103466,0.07587992,2.51477,0.21891059,3.8438756
10,ABS,0.009693338,0.36809415,0.63757277,25.411173,0.014369677,0.809399,0.073340036,2.518107,0.20465097,3.8691776
11,ABS,0.009656268,0.33468783,0.6392597,25.315462,0.013986057,0.808369,0.07009649,2.509678,0.1917032,3.8939092
12,ABS,0.009917377,0.38079956,0.64698744,25.282106,0.01471989,0.81008947,0.074583255,2.509441,0.21267729,3.851957
13,ABS,0.007778327,0.23093311,0.6088912,25.046448,0.019360814,0.8130113,0.06299077,2.484471,0.20669119,3.790731
14,ABS,0.007724311,0.26313695,0.6384129,25.071058,0.020522524,0.81298584,0.0632336,2.4875114,0.23420542,3.7883503
15,ABS,0.007602764,0.2503398,0.6001939,25.210976,0.014891804,0.8120451,0.062251333,2.4979875,0.22543608,3.813437
16,ABS,0.007609117,0.2442043,0.6019257,25.176958,0.016656404,0.81202084,0.062075883,2.4954848,0.22217916,3.8149672
17,ABS,0.00636426,0.19754031,0.7169127,25.16039,0.0282004,0.81205887,0.06676934,2.4930613,0.27761334,3.8184237
18,ABS,0.00847149,0.2703329,0.6325596,24.669485,0.028551197,0.8136506,0.06375207,2.4510577,0.23848441,3.7674754
19,ABS,0.008736874,0.29474902,0.6923126,24.792793,0.68263566,0.8142986,0.0800582,2.4645112,0.26367265,3.7612097
20,ABS,0.008195931,0.2618924,0.62615687,24.98739,0.020661552,0.81294906,0.062020693,2.4806013,0.23534206,3.7867918
21,ABS,0.008257282,0.24389735,0.6072662,25.09058,0.09380646,0.81206125,0.06242665,2.4886367,0.22185515,3.8116462
22,ABS,0.009799954,0.310992,0.63400763,25.109587,0.01388335,0.8083397,0.069417335,2.4949508,0.18774404,3.8911464
23,ABS,0.007911629,0.2538651,0.62487906,25.110292,0.015589756,0.8127117,0.061347045,2.4894333,0.2296542,3.7970037
24,ABS,0.007289129,0.25279504,0.6216278,24.731533,0.01561804,0.8134123,0.062171597,2.4570692,0.2290446,3.7750807
25,ABS,0.006528219,0.21609421,0.68475574,25.060482,0.4083443,0.8121076,0.064679496,2.4847023,0.20611975,3.8064966
26,ABS,0.007409814,0.26275063,0.66650766,24.54931,0.01758809,0.8139684,0.06237578,2.4378502,0.23435774,3.7573893
27,ABS,0.005833675,0.17665939,0.8250764,24.76336,0.032231342,0.8142249,0.06902843,2.4561334,0.22907534,3.7698765
28,ABS,0.007497646,0.24683298,0.6484173,24.951132,0.015249697,0.8125276,0.061697844,2.4769619,0.2243221,3.8013246
29,ABS,0.009003243,0.34003186,0.6683895,25.549364,0.013751318,0.8085148,0.070751786,2.5264082,0.18884231,3.8916702
30,ABS,0.008621243,0.32936153,0.65991956,25.38671,0.01377843,0.80871135,0.069872595,2.5142114,0.18792447,3.8881402
31,ABS,0.007193797,0.26791352,0.66124403,24.664688,0.01464254,0.80990404,0.066347964,2.4505327,0.19070056,3.8622727
32,ABS,0.006966382,0.25527453,0.6622154,24.645731,0.015099057,0.8096615,0.066427104,2.4479172,0.19290164,3.8679786
33,ABS,0.008696628,0.3123289,0.63154644,25.221754,0.014033427,0.80753523,0.069159366,2.5029552,0.18927568,3.9077413
34,ABS,0.007094522,0.26584595,0.654222,25.056118,0.014824043,0.80810463,0.06626135,2.4865859,0.19180156,3.8991601
35,ABS,0.006689096,0.2342028,0.6582645,24.927298,0.015902895,0.8085757,0.06700869,2.4742556,0.19856526,3.8933728
36,ABS,0.006764945,0.16724573,0.53191584,26.240305,0.013083171,0.8046722,0.060940348,2.6257932,0.20449686,3.9736407
37,ABS,0.004906097,0.15475583,0.5505912,25.703382,0.014098416,0.80863106,0.06294681,2.5452864,0.22800553,3.9015152
38,ABS,0.007483135,0.17638074,0.5106342,25.885508,0.012454378,0.80882293,0.058614887,2.570562,0.19422191,3.9023747
39,ABS,0.006916185,0.18779227,0.49892557,25.736849,0.011948576,0.8089019,0.05709919,2.5472867,0.18107107,3.9025617
40,ABS,0.010247501,0.28805527,0.62938845,24.674213,0.014240782,0.8095744,0.06770208,2.4521322,0.18788931,3.8652885
41,ABS,0.009481727,0.32403308,0.6441257,24.790604,0.013765409,0.8100237,0.06992183,2.465578,0.18961526,3.8558314
42,ABS,0.009336552,0.35185742,0.6595091,24.843626,0.013972664,0.81074774,0.071960755,2.471331,0.19700141,3.837818
43,ABS,0.010156909,0.34985548,0.65768415,24.85894,0.013946294,0.81079096,0.071750075,2.4726999,0.19566467,3.8387718
44,ABS,0.011281722,0.35320455,0.66527116,24.732346,0.013972713,0.8114867,0.07228621,2.459835,0.1968133,3.819215
45,Filter,0.011039992,0.045666184,8.651633,13.10015,0.1795146,0.7632707,0.27161005,1.2813404,1.5847327,4.6970425
46,Filter,0.007085673,0.035934057,11.242178,15.9300585,0.21001196,0.69385934,0.45584026,1.5951077,1.9661767,5.831459
47,Filter,0.00767586,0.034707487,11.605862,14.96166,0.21676257,0.6968842,0.31260028,1.503333,2.023817,5.803554
48,Filter,0.006902031,0.032425214,12.280925,14.224455,0.22644103,0.69398797,0.33699754,1.4409233,2.1153238,5.878603
49,Filter,0.006818601,0.031426203,12.668406,13.821466,0.23195371,0.68782127,0.27465943,1.4072204,2.1976318,5.9997435
50,Filter,0.007128177,0.032937475,12.181579,14.255676,0.22541529,0.69434017,0.44174236,1.4428476,2.118467,5.872321
51,Filter,0.007782437,0.0360189,11.308107,15.242274,0.21027648,0.69398326,0.53233606,1.5271035,1.9886093,5.831776
52,Filter,0.007027167,0.0323837,12.403077,14.044927,0.22734736,0.6891215,0.4003737,1.4255134,2.1638284,5.9637322
53,Filter,0.007693639,0.036362916,10.852548,12.906163,0.2121035,0.7194348,0.27228943,1.2908906,1.9534662,5.4390783
54,Filter,0.007221716,0.03535185,11.299025,13.635115,0.21445891,0.70567304,0.4403223,1.3684424,2.0018172,5.6593056
55,Filter,0.007321642,0.0343697,11.81256,14.93946,0.21828105,0.686584,0.32087383,1.5038662,2.1054566,5.978849
56,Filter,0.006723196,0.032369707,12.211382,14.249832,0.22485355,0.7021206,0.42677465,1.442244,2.0561163,5.737976
57,Filter,0.006957333,0.032219283,12.471697,14.002783,0.22883576,0.6824575,0.26673308,1.4217861,2.2046113,6.081665
58,Filter,0.007065268,0.031925824,12.614332,14.182302,0.23085098,0.6786393,0.3027972,1.4418074,2.2342105,6.1518383
59,Filter,0.007521973,0.035850048,11.305499,14.222593,0.21331663,0.6941206,0.24713407,1.4255085,2.046959,5.843971
60,Filter,0.008855484,0.036492765,11.277567,15.226997,0.21090198,0.68933576,0.42683768,1.524736,2.027205,5.913005
61,Filter,0.007288245,0.034401845,11.764654,14.716864,0.2190823,0.6875415,0.2661935,1.4812106,2.113236,5.9672976
62,Filter,0.007152146,0.033878163,11.981066,14.925157,0.22095133,0.6823647,0.25258586,1.5051565,2.1308098,6.057909
63,Filter,0.007194879,0.03297621,12.189925,13.462325,0.22629762,0.68394935,0.32336286,1.3648715,2.1932719,6.0510917
64,Filter,0.007104467,0.032884136,12.224075,13.940535,0.22689408,0.6862902,0.2630259,1.4118,2.1921365,6.0149674
65,Filter,0.007091249,0.0328804,12.206849,14.38812,0.22692348,0.67933935,0.4188589,1.4562614,2.2073593,6.131935
66,Filter,0.007134804,0.03346521,12.069583,14.50298,0.22374488,0.68015176,0.35151565,1.4650135,2.1880205,6.107004
67,Filter,0.006964347,0.03288544,12.058727,14.701571,0.22288255,0.7019118,0.41946876,1.4846015,2.0251782,5.735398
68,Filter,0.006967987,0.029826488,13.516515,13.302823,0.24263947,0.66742355,0.31262678,1.3705355,2.410202,6.38878
69,Filter,0.007092174,0.031214068,12.980757,13.927823,0.23524448,0.66977775,0.43961626,1.4227194,2.326934,6.322446
70,Filter,0.007118601,0.03050085,13.251721,13.389535,0.23914102,0.6664094,0.34456536,1.3748542,2.3873947,6.395575
71,Filter,0.007036019,0.029929161,13.4974575,13.020859,0.24187002,0.6628537,0.3239177,1.3430767,2.4370065,6.466654
72,Filter,0.007040804,0.029173534,13.752686,12.155333,0.24690631,0.66290563,0.4700089,1.2637806,2.4971056,6.488071
73,Filter,0.007053881,0.02997463,13.528173,13.127684,0.24187043,0.6589383,0.3079167,1.3536091,2.4763145,6.5384974
74,Filter,0.007202326,0.029481072,13.77465,12.913915,0.24522568,0.65960675,0.35816178,1.3373842,2.4957385,6.5389304
75,Filter,0.00693472,0.028496621,14.097884,12.360576,0.25089794,0.6602535,0.32767552,1.2894007,2.548537,6.549492
76,Filter,0.007056985,0.029538376,13.663896,12.59553,0.24568556,0.66289663,0.32680488,1.3045309,2.4957886,6.48495
77,Filter,0.007055383,0.029733969,13.615443,12.871408,0.24355075,0.66159433,0.45015126,1.3306446,2.4569006,6.495934
78,Filter,0.006587121,0.028910639,13.582677,12.486317,0.24416897,0.6908676,0.4529007,1.2930124,2.2691586,5.983321
79,Filter,0.006972575,0.028344136,14.201421,12.150073,0.2520973,0.6566643,0.46303713,1.271309,2.5939834,6.61957
80,Filter,0.006965176,0.028579127,14.057312,12.2111845,0.2500531,0.658329,0.46649855,1.274882,2.5444794,6.578778
81,Filter,0.007252475,0.030886762,13.200557,13.440178,0.23776023,0.6649599,0.37896925,1.3788455,2.3947966,6.417768
82,Filter,0.007337371,0.031174876,13.032772,13.530312,0.2379399,0.67076486,0.46875232,1.3846277,2.3819652,6.3207507
83,Filter,0.006978685,0.029489525,13.703025,12.50138,0.24532226,0.6637801,0.44595748,1.2964956,2.469235,6.4641657
84,Filter,0.007082436,0.029527456,13.668135,12.70425,0.24532786,0.6634901,0.557873,1.3158705,2.480141,6.470821
85,Filter,0.006889916,0.03314751,11.970213,14.305655,0.2225536,0.70049816,0.42809847,1.4444282,2.0448942,5.7596245
86,Filter,0.007301922,0.03395555,11.970142,15.080155,0.21939324,0.69380414,0.42710155,1.5206145,2.0553675,5.8586555
87,Filter,0.00758159,0.037069112,10.911241,15.688744,0.20538686,0.70153445,0.24873136,1.5652292,1.91016,5.6952353
88,Filter,0.00782865,0.037739918,10.827077,16.284016,0.20229611,0.7001467,0.26685247,1.6240698,1.8777528,5.705949
89,Filter,0.008438851,0.037706416,10.813607,16.103548,0.20400429,0.70001864,0.2687031,1.6058441,1.9053733,5.716038
90,HDPE,0.003794177,0.031213839,5.0912557,7.29278,0.1060329,0.8820609,0.22353266,0.69533336,0.8853878,2.894636
91,HDPE,0.003693587,0.031407632,5.091205,7.2404823,0.12123733,0.87951154,0.24235576,0.6904554,0.867457,2.9302902
92,HDPE,0.003687141,0.031680822,5.03119,7.3537436,0.103797846,0.8782419,0.18668807,0.7005588,0.8689543,2.9472523
93,HDPE,0.003637026,0.031449504,5.0277543,7.525469,0.1046044,0.8843703,0.1880851,0.7167185,0.8718925,2.859452
94,HDPE,0.003628157,0.031522624,5.064022,7.503613,0.104766466,0.8793881,0.44859177,0.7153904,0.8701998,2.9318826
95,HDPE,0.003633636,0.031760715,5.0036635,7.4324126,0.10396498,0.8774648,0.4051909,0.7081811,0.8649345,2.9595199
96,HDPE,0.003632409,0.031803258,4.996404,7.5018888,0.10389189,0.87910134,0.2023669,0.7142966,0.8651297,2.934972
97,HDPE,0.003651189,0.0315193,5.0471783,7.3793764,0.10485653,0.8856702,0.18105213,0.70306945,0.92449874,2.8404195
98,HDPE,0.003652467,0.031221537,5.0589533,7.2841024,0.106554545,0.88917893,0.2081503,0.6943124,0.88775647,2.7912092
99,HDPE,0.004008133,0.033566255,4.7927666,8.080817,0.100531854,0.880988,0.16802116,0.76747626,0.8303473,2.9054117
100,HDPE,0.004069608,0.03429996,4.7301016,8.222376,0.09840781,0.87442625,0.18210785,0.7805153,0.8146224,2.998342
101,HDPE,0.003815003,0.03003051,5.2967625,6.8825154,0.10836701,0.8824386,0.18900037,0.6578259,0.91242343,2.8905454
102,HDPE,0.003830241,0.034056846,4.7428064,8.149787,0.09882929,0.87614644,0.4969682,0.77433246,0.81552184,2.974049
103,HDPE,0.003827059,0.03352572,4.7819004,7.988085,0.10047082,0.8835906,0.37629005,0.75899154,0.8444565,2.8668957
104,HDPE,0.003975353,0.03424812,4.70919,8.542973,0.09942646,0.88184124,0.2052132,0.8107925,0.82704324,2.8921292
105,HDPE,0.003965517,0.034652457,4.6990943,8.292548,0.09775363,0.8743728,0.17013197,0.78686744,0.8091484,2.9987638
106,HDPE,0.003912743,0.0332902,4.9009733,8.372451,0.10091369,0.8708723,0.17788498,0.7957338,0.83723545,3.0506532
107,HDPE,0.004081408,0.031653285,5.0703554,8.075053,0.105191804,0.87986475,0.24788828,0.7687623,0.87684035,2.925081
108,HDPE,0.003792273,0.03266451,4.9694633,7.9677386,0.10197996,0.87413424,0.1949692,0.7579937,0.8442499,3.005123
109,HDPE,0.003681052,0.03138024,5.1150823,7.309287,0.11027497,0.88176006,0.28272748,0.6972244,0.87265944,2.8982387
110,HDPE,0.003630428,0.03133781,5.1073503,7.3744874,0.10539142,0.8795715,0.38256,0.7033778,0.8707402,2.930181
111,HDPE,0.003649222,0.031583298,5.075311,7.5051427,0.10486744,0.8851862,0.18127789,0.71511674,0.8688333,2.846954
112,HDPE,0.003913474,0.030353649,5.2065353,6.946833,0.1082859,0.88267666,0.19708923,0.66349167,0.90840614,2.8878438
113,HDPE,0.00362983,0.031234927,5.109299,7.4207115,0.10637575,0.88420534,0.30423224,0.7077344,0.9052154,2.864106
114,HDPE,0.003658495,0.030912349,5.17139,7.314853,0.10663309,0.8866235,0.18882269,0.6977577,0.88962185,2.827497
115,HDPE,0.003720617,0.03104956,5.1373253,7.39217,0.106894314,0.88386977,0.22894192,0.7049341,0.8845142,2.8688653
116,HDPE,0.004016668,0.03397449,4.7251487,7.8441987,0.10017364,0.8831741,0.37353027,0.7451802,0.83178186,2.8740218
117,HDPE,0.004164064,0.033159003,4.8241825,7.50201,0.10191602,0.888823,0.17646249,0.7131893,0.86529326,2.790052
118,HDPE,0.003837829,0.03372709,4.790859,7.9566956,0.09990519,0.8827411,0.37364918,0.7561499,0.84069335,2.8786178
119,HDPE,0.003934519,0.029742332,5.37679,7.6535234,0.11047003,0.87790865,0.18957387,0.73093426,0.9281632,2.9584804
120,HDPE,0.003727451,0.028498186,5.545817,7.300101,0.113236025,0.8779661,0.26514313,0.69914335,0.9303743,2.9597313
121,HDPE,0.003836636,0.03290609,4.8964386,7.885408,0.10189801,0.87697834,0.18783478,0.7497635,0.8430122,2.9645784
122,HDPE,0.003963517,0.0330078,4.907403,7.8439083,0.10164744,0.88019556,0.18460365,0.7458917,0.84426147,2.9174552
123,HDPE,0.003798702,0.030718392,5.1882033,7.24379,0.10672834,0.8828351,0.25642335,0.69148344,0.9021154,2.8835013
124,HDPE,0.003924009,0.03243451,4.978845,7.8113537,0.10332003,0.88522965,0.3757716,0.7436179,0.8584472,2.8451095
125,HDPE,0.003754278,0.034152422,4.7313986,8.247285,0.0986346,0.87370306,0.39657944,0.7833344,0.8064713,3.0089426
126,HDPE,0.003869609,0.030788744,5.171275,7.2805324,0.10625311,0.8785598,0.19774458,0.69452375,0.92487067,2.9451041
127,HDPE,0.003883513,0.030612487,5.215567,7.2983513,0.106883876,0.8836772,0.2677949,0.69680244,0.8944337,2.8704703
128,HDPE,0.003942755,0.030687071,5.2011724,7.3298626,0.10717114,0.88251597,0.29274106,0.6997507,0.92029005,2.8887444
129,HDPE,0.00384394,0.030719055,5.1907053,7.1549954,0.107844494,0.87835747,0.50486404,0.68352,0.91884243,2.948711
130,HDPE,0.003841975,0.030709712,5.1892753,7.268629,0.10659858,0.87972814,0.38433933,0.6939462,0.8850696,2.9285207
131,PA,0.003493023,0.014263361,10.30383,14.611357,0.16881165,0.7544743,0.49080828,1.448332,2.0510156,4.8088994
132,PA,0.003327654,0.013098704,10.86459,13.817941,0.17890358,0.7644836,0.671095,1.378506,2.083654,4.6781154
133,PA,0.003340598,0.013067221,10.804618,13.330905,0.17946811,0.7698106,0.6526228,1.329204,2.0787597,4.601601
134,PA,0.003300157,0.012602987,11.107169,13.161307,0.18442048,0.77004933,0.62449557,1.3166875,2.128677,4.6099157
135,PA,0.003320793,0.013720693,10.568356,14.204392,0.17108394,0.7533031,0.6619243,1.4125746,2.0179114,4.8230543
136,PA,0.003285723,0.014036954,10.537937,14.801913,0.16771221,0.74791473,0.77360153,1.47187,1.9563231,4.892058
137,PA,0.003260273,0.013236318,10.879526,13.793992,0.17399496,0.75081897,0.6532764,1.3756467,2.059211,4.8651633
138,PA,0.003331829,0.014772642,10.064517,14.965742,0.1636329,0.7602111,0.44401672,1.4809421,1.8713672,4.7035317
139,PA,0.003316049,0.013450238,10.700924,13.707491,0.1736085,0.7715616,0.7742806,1.3659668,2.0032568,4.5589743
140,PA,0.003287662,0.013559636,10.692458,14.315133,0.17287149,0.7661793,0.7238005,1.4255102,2.0094428,4.636014
141,PA,0.003290455,0.013908942,10.506401,14.476544,0.17234428,0.76712525,0.7178697,1.4388746,1.9555191,4.6207476
142,PA,0.003429408,0.014191488,10.352393,14.567945,0.16786952,0.7520627,0.7071581,1.4457859,2.0223482,4.8402443
143,PA,0.003253954,0.012697041,11.119565,12.923703,0.18128511,0.77384436,0.6876006,1.2938042,2.0979805,4.543636
144,PA,0.003348083,0.015974278,9.47505,14.738915,0.15786582,0.7685328,0.4746239,1.4514217,1.74092,4.568819
145,PA,0.003302851,0.014538415,10.205852,14.81074,0.16547252,0.7584355,0.6810571,1.4681079,1.8650057,4.730854
146,PA,0.003258989,0.014066388,10.448808,14.500553,0.16827774,0.75149804,0.5866792,1.4400575,1.9335233,4.840052
147,PA,0.003276501,0.015319767,9.612571,13.472779,0.16095658,0.779448,0.5342211,1.3282652,1.7451769,4.417685
148,PA,0.003277586,0.01527475,9.706521,13.996779,0.16086736,0.773495,0.63230765,1.3811041,1.7714843,4.502674
149,PA,0.003229699,0.013844229,10.37341,13.188156,0.17186044,0.77646327,0.53350776,1.309575,1.897513,4.482823
150,PA,0.003258674,0.01413412,10.238886,13.405964,0.17082347,0.7923435,0.5327563,1.3295494,1.8651903,4.252177
151,PA,0.003256883,0.013901334,10.512566,14.669863,0.17172268,0.7750744,0.5351776,1.4577315,1.9385103,4.501992
152,PA,0.003217357,0.013346983,10.824075,13.8911915,0.17402412,0.76765066,0.6016828,1.3846326,1.9925147,4.613838
153,PA,0.003385795,0.012909733,11.051295,13.563839,0.17820793,0.7683872,0.6899512,1.3562449,2.1495845,4.622948
154,PA,0.003203323,0.013233379,10.902007,14.282538,0.17450184,0.7620588,0.476349,1.4242427,2.0039248,4.6971474
155,PA,0.003214581,0.013426859,10.768756,13.965815,0.17314978,0.7590514,0.65560335,1.3918222,1.9837214,4.738152
156,PA,0.003213983,0.012880645,11.024011,13.392325,0.17820251,0.76361406,0.51795363,1.3378953,2.0391982,4.682269
157,PA,0.003227257,0.013394981,10.796669,14.120534,0.17398575,0.7621648,0.67176706,1.4070201,1.9937494,4.6939993
158,PA,0.003264118,0.014634999,10.14993,14.748019,0.1649206,0.7641324,0.59445333,1.460885,1.841735,4.645349
159,PA,0.003226406,0.013788378,10.57283,14.405741,0.17228366,0.7685842,0.58319044,1.432141,1.9101939,4.59647
160,PA,0.003233331,0.01326329,10.859424,13.733558,0.17607558,0.76586705,0.7211306,1.3699703,1.9847724,4.643659
161,PA,0.003250889,0.013650512,10.665248,14.633464,0.17357107,0.7796145,0.76511365,1.4568368,1.9300182,4.4391155
162,PA,0.003229529,0.013110133,11.000856,14.131054,0.17745721,0.7707009,0.53895086,1.4104271,2.001825,4.5761857
163,PA,0.003264998,0.014303554,10.327049,14.291006,0.16916451,0.7743164,0.42888907,1.4170009,1.8731127,4.506051
164,PA,0.003379911,0.01397422,10.494854,14.9158125,0.1705104,0.756291,0.49377665,1.481319,2.0008035,4.780596
165,PA,0.003225426,0.013482112,10.674952,14.184823,0.17816119,0.77812,0.4834925,1.4115807,1.953858,4.472563
166,PA,0.003227067,0.013443527,10.781249,13.733116,0.17426814,0.77235466,0.6332629,1.3688785,1.9596138,4.5449953
167,PA,0.005671015,0.021574333,19.536682,19.10244,0.2851679,0.7213875,0.63023007,2.0904193,2.266957,5.4985433
168,PA,0.005952032,0.023549972,18.562958,20.129034,0.27569,0.7296889,0.65055907,2.1732254,2.1475053,5.352124
169,PA,0.005959304,0.022769269,18.972363,19.86095,0.2868495,0.7526548,0.72551787,2.155605,2.1433895,5.0479646
170,PA,0.005850879,0.022893619,18.856628,20.036356,0.28733966,0.7486733,0.7538616,2.1711385,2.1138318,5.098943
171,PA,0.003349602,0.012931675,11.050771,13.772177,0.17884338,0.769064,0.6780285,1.3763131,2.1245685,4.612584
172,PA,0.003379144,0.01405673,10.330239,14.434303,0.17247525,0.76575005,0.69359165,1.4324219,2.014966,4.6474037
173,PA,0.003348688,0.013966072,10.350099,14.007244,0.1718557,0.7686069,0.5444517,1.3896501,1.9829526,4.6028657
174,PA,0.003328254,0.013685246,10.620787,14.197868,0.1712254,0.7555568,0.6671803,1.4125807,2.045427,4.7918987
175,PA,0.003319074,0.013843495,10.448932,13.339193,0.17000435,0.7624989,0.6445734,1.3256559,1.9839169,4.6858325
176,PC,0.004050449,0.01351016,17.695408,3.6611464,0.32205644,0.91990435,0.85424757,0.56040055,2.0390775,2.9171093
177,PC,0.004133679,0.019990446,13.943073,7.822521,0.2084805,0.74738455,0.8699786,0.8555451,1.8144667,4.921302
178,PC,0.003992348,0.018294333,14.533912,5.859195,0.21335766,0.71197706,0.6246703,0.68501216,2.0338874,5.4680247
179,PC,0.004287057,0.02315058,12.781804,8.414779,0.18631878,0.71594787,0.5477113,0.88963413,1.7360978,5.346627
180,PC,0.004192158,0.021204207,13.4776125,6.809481,0.19051278,0.66870165,0.5194244,0.75118387,1.9791592,6.1131287
181,PC,0.004161392,0.020105947,14.163123,4.465765,0.18713896,0.5874631,0.7644216,0.5595305,2.3421016,7.5961323
182,PC,0.004137951,0.01973087,14.106527,5.2219872,0.19355223,0.6211657,0.89166677,0.62267005,2.2749336,6.96543
183,PC,0.004294372,0.02260825,13.06151,8.099056,0.18296646,0.6647001,0.69724965,0.86488986,1.9536577,6.1709404
184,PC,0.004249909,0.021054279,13.516655,6.582143,0.18847789,0.6500194,0.8126702,0.7326089,2.1319616,6.440184
185,PC,0.004526604,0.024242526,12.544303,7.8992176,0.1764854,0.65543,0.61706835,0.83758795,1.9677441,6.3205523
186,PC,0.004438928,0.022506993,13.248729,6.8119965,0.17893106,0.59792525,0.79034054,0.74876547,2.2448368,7.386386
187,PC,0.003895369,0.013321189,17.618479,3.294346,0.3133878,0.8793034,0.91782266,0.53050643,2.14754,3.4073968
188,PC,0.006494392,0.018863274,14.573905,4.5509467,0.29350463,0.9686958,0.6153801,0.565752,2.1649017,2.2346938
189,PC,0.013274973,0.049259342,8.443697,10.600519,0.1617158,0.9102545,0.38974392,1.0382262,1.2244068,2.5926993
190,PC,0.006177956,0.014750214,17.14725,2.3531168,0.32953835,0.9674479,0.6739936,0.4344364,2.5973294,2.3981826
191,PC,0.006142591,0.014354456,17.50687,2.170386,0.33641917,0.9754145,0.68057513,0.42963007,2.6396985,2.3276992
192,PC,0.006128961,0.014909392,17.116812,2.5675588,0.33029994,0.9684678,0.60863656,0.45113435,2.5493753,2.3872159
193,PC,0.006372364,0.017343128,15.857253,4.785209,0.30115107,0.9686802,0.8097307,0.6144385,2.2904208,2.2651727
194,PC,0.00661052,0.02064441,13.785326,5.4473925,0.27926219,0.95397186,0.38392523,0.6319123,2.044349,2.3711421
195,PC,0.00622006,0.015351347,16.855116,2.8749619,0.33065736,0.9849995,0.44521594,0.4716248,2.475381,2.1877112
196,PC,0.006307999,0.017460251,15.445421,4.866518,0.30697325,0.96053874,0.7434662,0.6128188,2.2923608,2.3981392
197,PC,0.006119105,0.014264927,17.496437,1.9523087,0.34231743,0.99024624,0.4984264,0.40856034,2.6029928,2.1699116
198,PC,0.003994445,0.014500893,16.881155,4.737144,0.29953003,0.88847816,0.5645726,0.63323075,1.9705982,3.245349
199,PC,0.006012855,0.012874624,18.834385,-0.3135063,0.3537161,0.98063856,0.9178405,0.28824067,2.801635,2.3292022
200,PC,0.00595316,0.012667247,19.012377,-0.2419679,0.35634455,0.98787934,0.69957334,0.29363638,2.820299,2.2510846
201,PC,0.006211257,0.016099434,16.35165,4.1273026,0.31707954,0.9606244,0.77412504,0.5667931,2.4449952,2.4339564
202,PC,0.006136677,0.015024023,17.030973,3.02172,0.3318285,0.9667407,0.6319035,0.48669156,2.5303028,2.418564
203,PC,0.006111538,0.014757752,17.234852,2.383828,0.330016,0.96846396,0.47486234,0.43780765,2.572,2.3831406
204,PC,0.006050558,0.014365424,17.52368,2.147919,0.33594444,0.9671794,0.884707,0.42779937,2.6275325,2.4247005
205,PC,0.006079251,0.013931884,17.707933,1.7395145,0.3482736,0.97523695,0.6254399,0.40142262,2.6595347,2.3807921
206,PC,0.005971546,0.01298609,18.456284,0.20840508,0.35531852,0.9758265,0.94919276,0.31238118,2.8093877,2.39854
207,PC,0.006134012,0.015443636,16.660088,2.9774725,0.31835312,0.94971204,0.76051617,0.4744667,2.5248606,2.5725942
208,PC,0.005981999,0.0133221,18.377481,1.1024774,0.34273922,0.96329975,0.7677558,0.37048316,2.760692,2.4931738
209,PC,0.004236475,0.017064046,15.388963,6.296375,0.27735147,0.8843642,0.62671906,0.74124974,1.7905817,3.2405295
210,PC,0.006076263,0.014896377,16.89884,1.9255254,0.3232433,0.959047,0.7541846,0.39548105,2.5477383,2.4694543
211,PC,0.00603322,0.013927808,18.043638,0.86093414,0.3304398,0.97608984,0.6348145,0.34281358,2.6338043,2.2718518
212,PC,0.004493304,0.010336319,28.012007,4.7501187,0.41790962,0.86234766,1.1665716,0.9901909,2.8915083,3.8613656
213,PC,0.004520983,0.010729607,27.594967,5.5615435,0.40133658,0.8439423,1.2916389,1.0461113,2.8943026,4.0398846
214,PC,0.004754187,0.011193924,26.906387,6.2661014,0.40217978,0.81675977,1.0931792,1.0813235,2.953073,4.43634
215,PC,0.004881391,0.010743578,27.693113,5.7459064,0.40718156,0.8514361,1.0588877,1.06343,2.8482807,3.9666696
216,PC,0.004083575,0.015790932,15.921652,5.5754023,0.28539404,0.8862512,0.5492349,0.68623775,1.8873082,3.2365217
217,PC,0.0038697,0.014827645,16.39137,3.8491318,0.26651224,0.8150104,0.72155464,0.5484078,2.0898254,4.115114
218,PC,0.00388644,0.015497637,15.862978,4.184437,0.25391886,0.78130466,0.7226496,0.5662637,2.092148,4.548923
219,PC,0.004163716,0.019676495,13.983291,7.4875436,0.21731932,0.7691232,0.68770355,0.82401645,1.7853127,4.630277
220,PC,0.004121728,0.019793628,13.986834,7.5806236,0.21139565,0.7630556,0.5344912,0.8323462,1.7964224,4.7002316
221,PE,0.003419759,0.009144885,12.625784,3.9455683,0.21549185,0.82535875,0.7358108,0.5094728,2.788533,3.8994853
222,PE,0.003433833,0.009159765,12.576965,3.765741,0.21557318,0.83470666,0.76235414,0.493542,2.742689,3.7621741
223,PE,0.003415747,0.009451697,12.337335,4.239812,0.21210825,0.8340665,0.7028434,0.5235,2.662547,3.759816
224,PE,0.003408035,0.009654491,12.142779,3.8962216,0.20862396,0.83742326,0.6215385,0.490895,2.626035,3.702168
225,PE,0.003390935,0.009169735,12.46943,3.4040914,0.2155062,0.8527114,0.95164454,0.46312016,2.7184238,3.4996486
226,PE,0.00973709,0.011517933,12.791269,5.4811406,0.20829032,0.81777614,0.9610998,0.63917464,2.6844306,3.9799814
227,PE,0.003988204,0.010654051,12.1458845,6.5946426,0.2067663,0.81126934,0.7314963,0.7217203,2.6292326,4.0659757
228,PE,0.003381372,0.0088764,12.863981,3.4710026,0.2215269,0.84282666,0.9388501,0.47822717,2.8039975,3.6614394
229,PE,0.003369903,0.008577054,13.086333,3.3088212,0.22674713,0.8576379,0.6563717,0.46900722,2.8591406,3.4654617
230,PE,0.003368653,0.008949957,12.75727,3.541917,0.21968167,0.8579809,0.53820616,0.47685158,2.7595346,3.4369702
231,PE,0.003379548,0.009081015,12.683662,3.1142483,0.21745455,0.84327656,0.71299195,0.44586697,2.738591,3.6395378
232,PE,0.003418421,0.009129792,12.550968,3.548025,0.21547449,0.83404964,0.7331169,0.47608954,2.751459,3.771704
233,PE,0.003383196,0.008716997,12.971627,2.8900368,0.22391585,0.8455605,0.6559436,0.43808028,2.8424277,3.6280668
234,PE,0.003358235,0.008981098,12.766562,3.7729797,0.22421734,0.8520517,0.91699594,0.49733013,2.7581792,3.5378904
235,PE,0.003342214,0.008809018,12.947922,3.044931,0.22168513,0.8486291,0.82022494,0.4471594,2.821396,3.5766184
236,PE,0.003350914,0.00893868,12.919188,4.000382,0.21868035,0.833279,0.69745207,0.5188833,2.7813427,3.7881062
237,PE,0.003361502,0.00866467,13.149148,3.5882967,0.22693618,0.8495684,0.8411713,0.4935646,2.8394396,3.5815945
238,PE,0.003348616,0.0085402,13.230542,3.605077,0.22935407,0.8587991,0.7331029,0.4947977,2.868506,3.4576633
239,PE,0.003422168,0.00972475,12.464749,5.024494,0.2102384,0.8139525,0.8128255,0.590752,2.66156,4.0437684
240,PE,0.003368915,0.008978773,12.747696,4.218644,0.2268485,0.86014247,0.56804454,0.5290158,2.769529,3.4347823
241,PE,0.003369744,0.009055377,12.821098,3.852396,0.2204503,0.84539545,0.70757246,0.50362355,2.7638483,3.6217537
242,PE,0.003348341,0.008884195,12.8304,3.3470685,0.22682601,0.8538914,0.58445394,0.46600768,2.75317,3.5197983
243,PE,0.003408813,0.008973131,12.814711,3.5551724,0.21809386,0.83659095,0.7900462,0.4844799,2.8125443,3.7435145
244,PE,0.003376931,0.008872183,12.843619,3.0610218,0.2261368,0.84516245,0.60763097,0.44638714,2.8020852,3.6437562
245,PE,0.003349301,0.008705165,13.000472,3.1342301,0.22661698,0.8558683,0.9016995,0.4561364,2.8073819,3.4897716
246,PE,0.003343109,0.008839875,13.026678,3.540401,0.21932149,0.83317107,0.689522,0.48567972,2.853043,3.7885253
247,PE,0.003353675,0.009151537,12.758222,3.957955,0.21754363,0.8464248,0.6595707,0.5107431,2.7005107,3.594197
248,PE,0.003356167,0.008964463,12.928503,3.5815165,0.21790244,0.82991976,0.825132,0.48744062,2.7771168,3.8318367
249,PE,0.003355247,0.009063515,12.876008,4.437831,0.21712881,0.8311082,0.7213471,0.5509916,2.764784,3.812893
250,PE,0.003347364,0.008848149,13.089715,3.9279904,0.22229443,0.8480024,0.8335339,0.5157986,2.809031,3.5862796
251,PE,0.003353309,0.009106269,12.884082,4.432135,0.22037627,0.82878745,0.7808175,0.55184114,2.7655592,3.858718
252,PE,0.003346895,0.008910365,13.0382185,3.5223856,0.21910925,0.83241314,0.8308376,0.48461708,2.8044608,3.7993953
253,PE,0.003341832,0.008895301,13.005313,3.790576,0.21882415,0.8341674,0.9286495,0.50549483,2.8191748,3.774534
254,PE,0.003409738,0.008924486,12.7799425,4.033529,0.22076365,0.8549795,0.6536483,0.5170049,2.78482,3.4868593
255,PE,0.003336659,0.00875456,13.113507,3.671899,0.22538,0.85264975,0.92392224,0.49736977,2.8208737,3.5300236
256,PE,0.003316704,0.008716621,13.158322,3.7704592,0.22582117,0.8409992,0.72715235,0.50686425,2.8063846,3.696921
257,PE,0.004675198,0.012177225,26.0709,8.081809,0.38292214,0.75966424,1.0333753,1.2134037,2.99956,5.19698
258,PE,0.004633846,0.011595608,27.00851,7.5480533,0.3902652,0.76561123,1.3415236,1.2011045,3.098181,5.119056
259,PE,0.004689928,0.012319171,26.097954,7.9900336,0.37346008,0.7356553,1.4350656,1.2095025,3.0662186,5.5148754
260,PE,0.00468533,0.011922813,26.615713,8.032982,0.3838897,0.7830253,1.2015927,1.2305437,2.9333441,4.8415136
261,PE,0.003415044,0.008924365,12.75835,3.3480315,0.22145943,0.85481775,0.55662036,0.46451437,2.7728298,3.4923139
262,PE,0.003416057,0.009159416,12.568585,3.6383488,0.21679123,0.83839893,0.8596614,0.4831772,2.7378514,3.7129722
263,PE,0.003399128,0.00870596,12.950701,3.0994084,0.22264688,0.84995794,0.72745484,0.4521953,2.8598168,3.5638688
264,PE,0.003412499,0.009415555,12.390358,4.2214828,0.2118162,0.83389246,0.79597193,0.52369964,2.6940088,3.7624054
265,PE,0.003417434,0.009292419,12.499026,3.9769301,0.2129613,0.83558464,0.651614,0.50621456,2.7321362,3.7418704
266,PET,0.004296841,0.057784002,2.7915556,15.642654,0.06405264,0.8947958,0.14703974,1.4903681,0.5895825,2.6423018
267,PET,0.004970559,0.092292935,1.7485483,16.782309,0.042404372,0.9011897,0.0876419,1.6018881,0.43107316,2.5295975
268,PET,0.005562956,0.10817593,1.3974589,16.767574,0.036616363,0.89978427,0.07476777,1.5997891,0.38305616,2.5407631
269,PET,0.005226376,0.09073616,1.7626125,16.817305,0.043054916,0.89945316,0.08370309,1.6054972,0.4295602,2.550735
270,PET,0.005791212,0.10853447,1.3939373,16.417007,0.036628984,0.9002933,0.07611554,1.5642687,0.38054276,2.5369704
271,PET,0.005239203,0.100771025,1.5628062,16.607012,0.039204337,0.90404725,0.07853293,1.5837804,0.4013187,2.4932663
272,PET,0.005280213,0.10207017,1.5135541,16.666775,0.038767792,0.90072364,0.07572696,1.5897164,0.39810196,2.5311346
273,PET,0.005983359,0.12272615,1.1973784,17.004179,0.0326047,0.90157634,0.07054822,1.6234553,0.34951112,2.517931
274,PET,0.004193312,0.050688367,3.2556744,16.021738,0.07159919,0.8865391,0.12986995,1.5299028,0.6621511,2.787588
275,PET,0.003999403,0.0485322,3.3664052,15.995134,0.074448384,0.8846278,0.13006847,1.527759,0.6811874,2.8217034
276,PET,0.004331938,0.06388065,2.5254824,16.390167,0.05893882,0.8885311,0.11646255,1.564431,0.5540775,2.7323914
277,PET,0.004205451,0.06015043,2.6676884,16.00864,0.062154725,0.89730304,0.109959334,1.5264838,0.5782237,2.602011
278,PET,0.004572728,0.057268932,2.862299,16.069206,0.064992085,0.8894753,0.45322692,1.533847,0.60811615,2.728709
279,PET,0.006687666,0.10398975,1.4968373,16.800898,0.03820315,0.89881676,0.08425501,1.6033746,0.39729303,2.5543542
280,PET,0.005026517,0.09874376,1.5958067,16.787624,0.03998666,0.9001451,0.07747191,1.6022258,0.41188276,2.5392468
281,PET,0.004892749,0.10104908,1.5733587,16.78108,0.039158367,0.90006584,0.07650129,1.6014427,0.40677437,2.5374565
282,PET,0.00506265,0.095507436,1.6745629,16.970114,0.041120905,0.90247536,0.07896608,1.6207952,0.42302385,2.511201
283,PET,0.005813233,0.10157571,1.595153,17.063368,0.038838875,0.89954954,0.07615139,1.630041,0.4043095,2.5466292
284,PET,0.005588686,0.120538786,1.1765599,17.078142,0.033278674,0.90361273,0.07041134,1.6308548,0.36357582,2.496375
285,PET,0.006221295,0.10911192,1.4024801,16.96241,0.03648641,0.90238804,0.073362485,1.6194637,0.3881574,2.5109708
286,PET,0.005249559,0.11221045,1.3013511,16.932365,0.035535943,0.90302175,0.07219675,1.6162809,0.38084027,2.502404
287,PET,0.005864109,0.10952283,1.3919065,16.827164,0.036254186,0.90205806,0.07436961,1.6058599,0.38567677,2.5146966
288,PET,0.004354333,0.065255634,2.4482489,15.882557,0.057616293,0.89419216,0.09877074,1.513123,0.53933775,2.6402476
289,PET,0.004788257,0.08204934,1.9285355,16.631077,0.04731406,0.8995638,0.08661335,1.5870138,0.46746802,2.553127
290,PET,0.007657641,0.12852693,1.1475257,16.906174,0.031450234,0.9010402,0.06983139,1.6134839,0.34604833,2.5229342
291,PET,0.007064236,0.12677929,1.1458417,17.210228,0.031861357,0.8995708,0.06944385,1.6438915,0.34767124,2.539453
292,PET,0.004844201,0.08858239,1.8050811,16.997341,0.044172097,0.9016607,0.08148157,1.6237409,0.43854314,2.5247073
293,PET,0.006033759,0.12165187,1.2242825,17.271303,0.033100717,0.9007172,0.07028747,1.6500878,0.35778004,2.5248945
294,PET,0.00806914,0.14159726,0.9953951,17.444237,0.02868085,0.8977625,0.06629461,1.6668048,0.32265332,2.5565224
295,PET,0.006285737,0.07618871,2.0787518,16.716717,0.05074596,0.89813775,0.0972994,1.5960413,0.4828702,2.5747077
296,PET,0.004137986,0.04995442,3.3277075,16.051346,0.07290782,0.8883844,0.13161303,1.5332639,0.65069795,2.7593098
297,PET,0.004323287,0.05790507,2.8593092,16.309473,0.06435191,0.8906986,0.11192063,1.55732,0.5972022,2.7068946
298,PET,0.004633283,0.068965,2.3751898,16.61887,0.055352453,0.89325404,0.096802935,1.5869151,0.5168439,2.6502535
299,PET,0.004522568,0.0662269,2.3817148,16.068306,0.05704337,0.8968041,0.09966873,1.5314567,0.5369449,2.6018713
300,PET,0.004572226,0.07696424,2.0946894,17.005304,0.05030129,0.89247316,0.08954924,1.6252388,0.48059732,2.6529596
301,PET,0.004729281,0.07502249,2.1721618,16.833248,0.051313568,0.89148366,0.09112862,1.6079915,0.48687485,2.6710265
302,PET,0.005309051,0.062094003,2.6829476,18.499321,0.07277996,0.8751355,0.1111713,1.7797223,0.6523525,2.9700823
303,PET,0.007243057,0.10955,1.3867165,18.872316,0.04158926,0.87890273,0.07816572,1.8140339,0.44567892,2.8737783
304,PET,0.004314041,0.035415724,5.1112638,18.100092,0.24373332,0.850015,0.1928158,1.7511806,0.9725621,3.3777366
305,PET,0.007330592,0.057247028,2.9710355,18.4537,0.07864905,0.87655985,0.21710975,1.7763414,0.6832918,2.9549236
306,PET,0.004515184,0.05826017,2.7637227,15.90252,0.06365427,0.89560795,0.124304615,1.5162311,0.5874275,2.629526
307,PET,0.00559969,0.12779166,1.123848,16.70908,0.031347793,0.9067464,0.068178736,1.593555,0.34148782,2.4625955
308,PET,0.004937423,0.090127565,1.7951121,16.559206,0.043379057,0.90459305,0.082984135,1.5794206,0.43574044,2.4886432
309,PET,0.004881261,0.08589905,1.8900977,16.896446,0.045462925,0.9014976,0.08319723,1.6137675,0.45486975,2.5276678
310,POM,0.003154543,0.015232641,9.811744,14.705542,0.16616295,0.8157458,0.45690504,1.4520726,1.6752276,3.9078848
311,POM,0.003124608,0.014533715,10.170987,14.463484,0.1693352,0.81150025,0.6125295,1.4330754,1.7317822,3.97181
312,POM,0.003103433,0.014156352,10.328588,13.846097,0.17356837,0.8108389,0.52951485,1.3738854,1.7646624,3.9901278
313,POM,0.003088612,0.013759423,10.500523,13.531626,0.1753559,0.80848825,0.4885346,1.3448138,1.7896336,4.026453
314,POM,0.003079624,0.013417789,10.771937,13.108661,0.17527516,0.79522043,0.48933318,1.3071597,1.8588084,4.2130833
315,POM,0.003096198,0.013923926,10.518491,13.8705435,0.17275499,0.799503,0.54562205,1.3788183,1.7915419,4.147647
316,POM,0.003190229,0.015751285,9.604628,15.163345,0.16164587,0.80955285,0.719701,1.49612,1.6168046,3.9861133
317,POM,0.003161634,0.015660932,9.673324,14.836527,0.16124581,0.79540867,0.5054637,1.4635348,1.6411705,4.1858597
318,POM,0.003162136,0.015607979,9.693591,15.185066,0.16175973,0.7957964,0.5697033,1.499087,1.6395239,4.180896
319,POM,0.003151645,0.014599985,10.136661,14.57964,0.16988672,0.8113887,0.65066415,1.4440843,1.7330844,3.9755716
320,POM,0.003166669,0.015500356,9.731673,15.355313,0.16401367,0.8091248,0.5441166,1.5161761,1.6598251,3.9972928
321,POM,0.003097605,0.014284329,10.300124,13.890229,0.16927178,0.8003371,0.50974417,1.3779547,1.7479608,4.129953
322,POM,0.003159311,0.014986659,10.023968,15.130727,0.1652803,0.7975607,0.54362965,1.4974487,1.6909721,4.161816
323,POM,0.003139953,0.015163991,9.923626,14.900937,0.16388239,0.793649,0.4089966,1.4725758,1.6899959,4.2150254
324,POM,0.003128078,0.014865889,10.006545,14.573617,0.16805269,0.8037859,0.64346486,1.4420174,1.6948496,4.079656
325,POM,0.003125992,0.014219328,10.399,14.361212,0.1702989,0.78972155,0.62496096,1.4257432,1.7802621,4.282884
326,POM,0.003104457,0.014021001,10.442049,14.614009,0.1750792,0.80642015,0.5508232,1.4511316,1.7724223,4.05558
327,POM,0.003099945,0.013914735,10.518664,14.278805,0.17491151,0.80134785,0.6198598,1.418803,1.7752422,4.126555
328,POM,0.003127945,0.014630709,10.121822,14.42181,0.17148738,0.81833404,0.59512717,1.4279935,1.7182475,3.8806639
329,POM,0.003134588,0.015238986,9.913403,14.87745,0.16353974,0.79824126,0.5163724,1.4705086,1.653483,4.1484804
330,POM,0.003113949,0.014345792,10.328791,14.601007,0.16979045,0.79892844,0.5965134,1.4486291,1.7463902,4.150697
331,POM,0.003126107,0.014819387,9.979474,14.349533,0.17055298,0.81754404,0.5252072,1.41924,1.6781274,3.8903413
332,POM,0.00311692,0.014999469,9.991106,14.773969,0.1643892,0.7955219,0.62141657,1.4615165,1.6752346,4.1883993
333,POM,0.003091883,0.014017796,10.427136,13.568607,0.17477694,0.8089637,0.71810114,1.3487473,1.7627628,4.0179524
334,POM,0.003005027,0.011784887,11.664026,11.476081,0.19141549,0.822574,0.59477586,1.1612126,2.017924,3.8559577
335,POM,0.003090971,0.013767418,10.612078,13.92491,0.17597473,0.8139476,0.59616023,1.3857104,1.8008934,3.9492288
336,POM,0.003133332,0.014509864,10.211044,14.343446,0.17164753,0.8133225,0.6263913,1.4218262,1.7216384,3.9508069
337,POM,0.003085234,0.014200775,10.331152,13.85142,0.17216952,0.8054733,0.6321223,1.3747706,1.7541039,4.0621924
338,POM,0.003080796,0.014219429,10.369524,14.138325,0.17072475,0.8018876,0.46813688,1.4029708,1.7645222,4.110197
339,POM,0.003116315,0.01445121,10.237887,14.186783,0.17098224,0.8021346,0.48045775,1.4061185,1.7280489,4.107201
340,POM,0.003092178,0.013264429,10.860357,13.376415,0.18044615,0.81923014,0.71744215,1.3354701,1.8542669,3.8835437
341,POM,0.003110109,0.014060021,10.443124,13.870013,0.17328885,0.81413466,0.79397184,1.3785172,1.7768112,3.9415317
342,POM,0.003134139,0.015101668,9.966706,14.790683,0.16514663,0.7998774,0.5754745,1.462992,1.6638504,4.127558
343,POM,0.003142624,0.015255419,9.680033,13.481196,0.16523115,0.8213671,0.45115775,1.3299679,1.6555084,3.826462
344,POM,0.003098407,0.014102493,10.472507,13.950132,0.17163838,0.7937407,0.78841573,1.3863794,1.7872926,4.227155
345,POM,0.003086417,0.013150946,10.898186,13.310955,0.18183158,0.8179747,0.6591474,1.3292872,1.8643742,3.9035513
346,POM,0.004401403,0.023298673,12.615652,20.615055,0.21104726,0.7346273,0.4138216,2.1010022,1.6605653,5.1519904
347,POM,0.004659667,0.025808534,11.624529,21.415277,0.20079166,0.7172104,0.5042968,2.1710103,1.591748,5.394312
348,POM,0.004063874,0.017760888,15.52061,18.246613,0.24658133,0.72223055,0.54838085,1.9079146,2.004231,5.4178915
349,POM,0.004611828,0.026772937,11.267977,21.636023,0.19306153,0.72348136,0.48634452,2.1887772,1.5458758,5.282867
350,POM,0.003124574,0.014840398,10.005382,14.71525,0.16787338,0.81034875,0.783345,1.4566413,1.6904017,3.9866781
351,POM,0.003093333,0.014271601,10.289419,14.286632,0.17018941,0.8048992,0.6879755,1.4178157,1.7378109,4.0671906
352,POM,0.003107375,0.014772961,10.097382,14.735272,0.16579637,0.79319465,0.60296977,1.4594922,1.7140892,4.225126
353,POM,0.003098045,0.014634308,10.141294,14.492175,0.16734369,0.79484195,0.5074969,1.4350603,1.7115722,4.203711
354,POM,0.003072324,0.013648472,10.550445,13.350608,0.17495848,0.81172854,0.5335154,1.3278029,1.7877072,3.978776
355,PP,0.005504927,0.02121352,13.413514,1.5738695,0.26312187,0.94410527,0.53920704,0.28842297,1.7047744,2.4312413
356,PP,0.005533766,0.022264678,13.088095,2.581397,0.25999895,0.9431975,0.34103096,0.36504638,1.6720741,2.4349673
357,PP,0.005409344,0.020214122,13.836369,0.96426743,0.27187064,0.9499249,0.4741844,0.25297907,1.7482952,2.3844278
358,PP,0.005501308,0.021702526,13.297983,1.8864849,0.26049036,0.9448938,0.398078,0.31072307,1.6819228,2.4120073
359,PP,0.00550375,0.021667141,13.340596,1.941916,0.2610987,0.942835,0.78935593,0.31746554,1.6821204,2.4419599
360,PP,0.005512212,0.0215499,13.347672,1.8942801,0.2615794,0.94718915,0.670077,0.3130295,1.7207572,2.3859372
361,PP,0.005431484,0.020625412,13.685774,1.2536931,0.2682617,0.94957,0.45637056,0.26856434,1.7158867,2.3763654
362,PP,0.005540075,0.022466253,13.063793,2.6084456,0.2548772,0.9386405,0.49756277,0.36666214,1.6439728,2.477429
363,PP,0.005499278,0.02136088,13.4393,1.8305105,0.2629577,0.9449591,0.53810894,0.30977952,1.6923077,2.4184196
364,PP,0.005321504,0.019299867,14.214755,0.52544487,0.27843848,0.9564868,0.7936384,0.22965167,1.7756063,2.3199525
365,PP,0.005408984,0.020038677,14.070572,1.0954893,0.27352792,0.97012705,0.48582628,0.2638682,1.7370694,2.1254768
366,PP,0.005363597,0.019111762,14.384452,0.08728041,0.2742908,0.95992184,0.6071855,0.20301275,1.8007636,2.2562556
367,PP,0.005417012,0.020550102,13.638284,1.3260206,0.2791196,0.9636089,0.5567752,0.27380493,1.7170084,2.2358937
368,PP,0.005383135,0.020511452,13.740841,1.0983349,0.26905543,0.95397955,0.41165408,0.25829142,1.7133733,2.3195298
369,PP,0.005388651,0.020626724,13.738314,1.3175519,0.26778716,0.94804245,0.3627112,0.27429953,1.7182626,2.3931875
370,PP,0.005360918,0.020048164,13.950718,0.92715174,0.27219748,0.9506653,0.57641095,0.25050414,1.7568225,2.3737023
371,PP,0.005325036,0.019843554,14.0175085,0.9066862,0.27409658,0.95125467,0.5002924,0.25065604,1.7596633,2.3726213
372,PP,0.005375839,0.020205537,13.857286,1.2408272,0.2717772,0.95402944,0.6538425,0.27189243,1.7679032,2.3286574
373,PP,0.005350743,0.019676635,14.030241,0.72524506,0.2794285,0.9569136,0.5044422,0.23808937,1.7586727,2.3197684
374,PP,0.005357516,0.019926418,13.981335,1.0893159,0.276731,0.95584816,0.53794146,0.26283076,1.7615917,2.3251178
375,PP,0.005393952,0.019560235,14.317132,0.85548425,0.27596936,0.975604,0.6112589,0.2510901,1.7263752,2.061716
376,PP,0.005406949,0.01961466,14.247174,0.6461121,0.27975017,0.9650274,0.41887513,0.2368971,1.765958,2.2168055
377,PP,0.005455531,0.02039539,13.7786255,1.184669,0.2681168,0.95061576,0.650134,0.2672129,1.7464317,2.3621864
378,PP,0.005464431,0.020803057,13.732667,1.9934064,0.27243173,0.95293987,0.5510534,0.32858893,1.7349381,2.3505006
379,PP,0.005383475,0.019280251,14.489678,0.77805376,0.27984384,0.9687905,0.44562626,0.2519185,1.7606369,2.1666486
380,PP,0.005346842,0.019348267,14.128118,0.709108,0.29070115,0.96846306,0.7004896,0.24029154,1.7639993,2.2178576
381,PP,0.005459486,0.021497088,13.448416,2.4851897,0.26289445,0.93947864,0.5066897,0.3638334,1.7145433,2.492709
382,PP,0.005573831,0.022053577,13.467593,2.593844,0.25744763,0.92838913,0.40271473,0.37605056,1.7389021,2.6217244
383,PP,0.005508841,0.021166941,13.673878,2.3166401,0.2704863,0.95342195,0.40752926,0.35267982,1.7112572,2.3397756
384,PP,0.005485762,0.021286303,13.612359,2.0402682,0.26598695,0.9452015,0.7019212,0.33094442,1.7062025,2.4293659
385,PP,0.005445503,0.020164998,14.098678,1.3402855,0.27315047,0.9573132,0.62909883,0.28336075,1.7594136,2.2938797
386,PP,0.005413154,0.020309068,13.797794,1.0509577,0.27904454,0.96012145,0.36585334,0.2559084,1.7308803,2.279962
387,PP,0.005354059,0.020012656,14.041927,1.3422397,0.27337185,0.95323265,0.50647336,0.2833083,1.7638835,2.3449125
388,PP,0.00546881,0.020403652,13.861041,1.3973231,0.26745716,0.9565023,0.64262104,0.28400445,1.7631668,2.283053
389,PP,0.005337585,0.01972453,14.144817,0.7360942,0.27461278,0.94930935,0.49755695,0.24093975,1.7686216,2.398971
390,PP,0.005427253,0.020449597,13.833448,1.4567952,0.2748356,0.95578796,0.5148831,0.28707477,1.7604486,2.321461
391,PP,0.004802245,0.013043132,24.09843,6.311061,0.36634645,0.8084927,1.1857688,0.98942864,2.655552,4.4467397
392,PP,0.004905102,0.01370467,23.626835,7.3316917,0.35715136,0.78867584,0.928727,1.0623342,2.6723495,4.6950316
393,PP,0.004693041,0.012398336,24.969057,5.397742,0.36259434,0.7957633,0.95365536,0.9347492,2.7744093,4.5852923
394,PP,0.004587985,0.011443959,26.027834,4.059124,0.37946737,0.7714662,1.1140363,0.85930634,3.0762799,4.992569
395,PP,0.005467085,0.02086518,13.54595,1.3758749,0.26608616,0.9529032,0.5020272,0.2756039,1.7214779,2.3244722
396,PP,0.005411006,0.020006187,13.901121,0.7133354,0.2728517,0.9547157,0.6564267,0.23475428,1.756508,2.3246772
397,PP,0.005391966,0.019840803,13.915139,0.5478922,0.2744872,0.9553377,0.5371542,0.22368228,1.7765253,2.3225534
398,PP,0.00550926,0.020958632,13.435406,1.5108297,0.2734836,0.9547437,0.6276747,0.28441584,1.7133304,2.3316665
399,PP,0.005542626,0.01923709,14.354245,0.60538673,0.28094646,0.94958234,0.52803904,0.24172816,1.8190652,2.4191103
400,PS,0.002820618,0.01203924,10.667371,1.2665846,0.18829899,0.87400085,0.58120114,0.25856468,1.7899265,3.1126313
401,PS,0.002828365,0.012327429,10.459745,1.776038,0.18693426,0.8799182,0.65490884,0.28691497,1.7406926,3.0271325
402,PS,0.002844587,0.012436312,10.474141,2.260457,0.18573382,0.878063,0.44658616,0.3216066,1.7348257,3.0496454
403,PS,0.002832245,0.011777102,10.782132,0.44967437,0.19161609,0.8833141,0.511143,0.21078418,1.8397547,2.9855087
404,PS,0.002824033,0.011806084,10.746378,1.0639825,0.19309047,0.89787155,0.37001395,0.24420439,1.8230369,2.7836432
405,PS,0.002831069,0.011967151,10.616524,1.4121739,0.19554774,0.89609647,0.6180652,0.26552147,1.8107167,2.819312
406,PS,0.002815904,0.011661245,10.744026,1.2706189,0.19918264,0.9091345,0.58284926,0.2582784,1.8267674,2.6423552
407,PS,0.002793299,0.01123363,11.041981,0.097609796,0.19853689,0.8934432,0.5035701,0.19789654,1.8645062,2.8555791
408,PS,0.002823857,0.012017258,10.652582,1.1893606,0.1941911,0.8874207,0.6629897,0.253157,1.8041556,2.9410474
409,PS,0.002823479,0.012106214,10.693049,1.7594615,0.18882875,0.89179534,0.38930872,0.2895453,1.7699131,2.8588731
410,PS,0.002816785,0.012157255,10.627633,1.6347213,0.18808873,0.87948877,0.6009413,0.28013977,1.7700962,3.033515
411,PS,0.002816934,0.011913643,10.657263,0.736164,0.1898694,0.88026935,0.7682665,0.22766118,1.7984606,3.026582
412,PS,0.002832329,0.012272199,10.604833,1.8902893,0.18701848,0.8771991,0.5686462,0.2973318,1.7623794,3.0647693
413,PS,0.002823513,0.011643835,10.900505,0.7059083,0.19574037,0.908819,0.49342284,0.22485986,1.8491113,2.6330717
414,PS,0.002805962,0.01161558,10.892983,0.6061935,0.19543803,0.9002447,0.6158166,0.22069666,1.8374475,2.7530332
415,PS,0.002829155,0.011877266,10.82694,1.5169646,0.19276564,0.88594264,0.68913966,0.27663913,1.8226312,2.9520204
416,PS,0.002821641,0.012009444,10.73037,1.9734012,0.1927849,0.8903882,0.4208722,0.30459723,1.7735134,2.889663
417,PS,0.002802857,0.011591408,10.963736,1.2545313,0.1963849,0.9009284,0.5932527,0.26301497,1.8117238,2.7476761
418,PS,0.002799158,0.011692849,10.810635,1.0815231,0.19785213,0.8968688,0.7214512,0.24930827,1.8151126,2.811581
419,PS,0.002789582,0.011521109,11.015675,0.86493546,0.19475277,0.8898758,0.47518867,0.239335,1.8350886,2.8968801
420,PS,0.002801155,0.011661602,10.934769,1.1956202,0.1941851,0.9009436,0.60820884,0.25688055,1.8507631,2.739945
421,PS,0.00281406,0.011806679,10.825945,1.234113,0.1934732,0.8941598,0.46087652,0.25806034,1.7947315,2.8360217
422,PS,0.002826576,0.01155558,10.842849,0.80191004,0.19576316,0.9097985,0.7177268,0.23115295,1.8294863,2.6190155
423,PS,0.002814408,0.011625987,10.911176,1.3784635,0.1982169,0.9018913,0.5471943,0.26940286,1.8388952,2.7399251
424,PS,0.002827527,0.01148413,11.000034,0.99086654,0.19867007,0.9066618,0.6863244,0.24571045,1.8552399,2.6725223
425,PS,0.002790983,0.011748934,10.850611,0.48667374,0.1935692,0.88226616,0.622159,0.21488902,1.8201979,3.0060735
426,PS,0.002825579,0.011829586,10.853452,0.5375781,0.1916311,0.87674475,0.61457807,0.21822475,1.8060803,3.079009
427,PS,0.002841297,0.012304285,10.537745,1.279386,0.18836977,0.87896854,0.37447625,0.254016,1.7413186,3.0423348
428,PS,0.002838784,0.012021038,10.739748,1.0215852,0.1903143,0.8736261,0.59771115,0.2445019,1.7845013,3.1224902
429,PS,0.002842207,0.011863425,10.841235,0.77370405,0.19115463,0.87935555,0.37434116,0.23044822,1.7849799,3.0398831
430,PS,0.002798989,0.011721831,10.941767,1.4828371,0.19291048,0.87700176,0.43853074,0.27634677,1.8399354,3.0779974
431,PS,0.002793324,0.011517683,11.059283,1.0817266,0.19842821,0.89682055,0.5380245,0.25253165,1.8242003,2.8116207
432,PS,0.002772747,0.011544981,11.055916,0.7197592,0.19602188,0.8832276,0.493952,0.23199028,1.8418107,2.996921
433,PS,0.002821131,0.011664419,10.837314,1.165631,0.19583724,0.9052905,0.6915041,0.25388885,1.8203585,2.6857882
434,PS,0.002829574,0.012431987,10.653626,2.2398524,0.18736432,0.864539,0.5863794,0.32314774,1.7467985,3.2461643
435,PS,0.002797901,0.011867283,10.848695,0.8314089,0.1925353,0.87821674,0.59703225,0.23359802,1.8162049,3.0615401
436,PS,0.004499176,0.010137804,28.280401,4.39967,0.39978537,0.7739777,1.225716,0.97412586,3.309536,5.003322
437,PS,0.004563611,0.011144323,26.798546,5.8475175,0.3858389,0.7659258,1.0949228,1.0413104,3.178599,5.09924
438,PS,0.004508509,0.010926651,27.274939,5.757853,0.38037726,0.7573281,1.2990618,1.0530583,3.2247832,5.185606
439,PS,0.004485272,0.010533934,27.706533,4.9586954,0.38579923,0.76875407,1.362261,1.0007932,3.2340136,5.022068
440,PS,0.002795336,0.011799852,10.702061,0.7655212,0.19153936,0.8891509,0.54152256,0.22769503,1.7886764,2.9013631
441,PS,0.002817845,0.011902686,10.654689,0.7837632,0.18987665,0.88342357,0.7215364,0.22937118,1.8096513,2.9809575
442,PS,0.00283699,0.012578233,10.429384,2.3524256,0.18503475,0.88113207,0.692303,0.32773733,1.7316041,3.0056863
443,PS,0.002851854,0.012659739,10.3320055,2.1839201,0.18329342,0.86961335,0.431733,0.3126304,1.7201983,3.1671073
444,PS,0.002872051,0.012388106,10.486021,1.9479469,0.18678842,0.8887273,0.63564116,0.29867932,1.788852,2.9018097
445,PU,0.006762872,0.040084712,9.79514,12.650558,0.17448911,0.86295813,0.21575573,1.2528646,1.2035801,3.277001
446,PU,0.007470275,0.053370368,8.195077,15.325409,0.14297348,0.8484201,0.20025843,1.4972718,1.0590627,3.4125323
447,PU,0.0072184,0.050718717,8.486168,14.96075,0.14798729,0.8503168,0.1849466,1.4641097,1.0893941,3.39583
448,PU,0.007415581,0.048073944,8.797602,14.62144,0.15428059,0.8532579,0.3063797,1.4343264,1.116751,3.368175
449,PU,0.007664389,0.053093217,8.246093,15.450178,0.14311461,0.8458432,0.49595803,1.5105921,1.0449224,3.4496012
450,PU,0.006824139,0.041058473,9.756323,13.329318,0.17108196,0.8624334,0.3893745,1.3186467,1.2359904,3.2771432
451,PU,0.007097625,0.044291254,9.2978115,14.012573,0.1633997,0.85874736,0.22607966,1.3799479,1.1929853,3.3112414
452,PU,0.007334985,0.05042935,8.523847,14.867719,0.14884391,0.85081047,0.21033908,1.4553151,1.0787522,3.3903518
453,PU,0.007420182,0.0475414,8.856618,14.33716,0.15618946,0.8559037,0.1930511,1.4064896,1.107745,3.33444
454,PU,0.007250049,0.048228562,8.787457,14.395816,0.153917,0.853709,0.38000065,1.4117268,1.099454,3.3598287
455,PU,0.006712687,0.040382642,9.777427,12.508222,0.17571144,0.8640953,0.39470598,1.2390455,1.2469105,3.265044
456,PU,0.0073646,0.04717069,8.864112,14.437991,0.15697055,0.849598,0.5073216,1.4172306,1.1062328,3.4264402
457,PU,0.006797969,0.044145428,9.212074,13.5420065,0.1650782,0.8597026,0.1904057,1.3326495,1.1646472,3.3014796
458,PU,0.007462015,0.047947064,8.845882,14.608486,0.15573174,0.8589745,0.19455343,1.433164,1.1252725,3.2922182
459,PU,0.006619191,0.03874616,10.0532255,12.443654,0.17973307,0.86493486,0.34744743,1.2363408,1.2510841,3.261237
460,PU,0.007276183,0.043584414,9.465756,13.603381,0.1663266,0.8636812,0.22641437,1.3414505,1.1716112,3.2493234
461,PU,0.007592334,0.05115233,8.449302,14.849944,0.14741975,0.85013855,0.39876753,1.4532373,1.0572343,3.3971043
462,PU,0.007538681,0.050813723,8.460983,14.751985,0.1483863,0.8534497,0.25751024,1.443372,1.0699911,3.3515108
463,PU,0.00666458,0.038027838,10.174355,12.138575,0.18229643,0.87067944,0.2770326,1.2083836,1.2795573,3.1898875
464,PU,0.006534782,0.037045673,10.332097,11.926983,0.18496503,0.86976284,0.5185023,1.1904523,1.2962646,3.2085295
465,PU,0.007801135,0.046138026,9.1001835,14.059349,0.16079593,0.86236864,0.39115644,1.3822724,1.135383,3.255221
466,PU,0.007103629,0.04716306,8.894115,14.26422,1.1787539,0.85193187,0.22827335,1.3998264,1.1088789,3.3735595
467,PU,0.007990306,0.045671117,9.02301,13.033698,0.16241446,0.8654081,0.38349298,1.2810165,1.1219208,3.2159967
468,PU,0.007327971,0.045470543,9.185253,14.102222,0.15985966,0.8532195,0.41893432,1.3875754,1.1453758,3.3809175
469,PU,0.007671352,0.048038624,8.814528,14.457773,0.15597665,0.85092914,0.21423197,1.4179572,1.113567,3.4064186
470,PU,0.006527557,0.034581315,10.820674,10.714703,0.1966295,0.86429596,0.2962291,1.0800521,1.3751557,3.3125906
471,PU,0.007080827,0.042956345,9.44906,13.670403,0.16944215,0.85787666,0.373812,1.3484151,1.2040203,3.3377357
472,PU,0.006973518,0.041731752,9.674984,13.204837,0.17201135,0.8690844,0.23826358,1.3054377,1.2246709,3.1890156
473,PU,0.006569204,0.034267418,10.8842745,10.559091,0.20035847,0.8730828,0.25808883,1.06604,1.3700768,3.2037492
474,PU,0.007409823,0.049112104,8.655684,14.512463,0.15415564,0.85742265,0.254646,1.4217207,1.1041337,3.3091593
475,PU,0.007181254,0.046331655,9.0074835,14.141088,0.15902363,0.8601808,0.2532741,1.3891448,1.1471285,3.2810435
476,PU,0.00699751,0.04414286,9.2500925,13.473148,0.16486356,0.86208,0.20089155,1.3264588,1.1753494,3.2688487
477,PU,0.007833784,0.045544125,9.191032,13.719643,0.16238567,0.85497177,0.21571544,1.3495055,1.1402473,3.36177
478,PU,0.006848013,0.04361079,9.326713,13.272804,0.1647225,0.85958004,0.3400214,1.308068,1.1506317,3.301779
479,PU,0.007011363,0.044718117,9.245109,14.071091,0.16280848,0.8561849,0.20653994,1.3848913,1.1539187,3.3456097
480,PU,0.006535892,0.039121572,10.037926,12.707097,0.17889938,0.8630415,0.2918127,1.2618053,1.2444345,3.2863922
481,PU,0.005260781,0.03740569,8.1449,20.887192,0.15662675,0.77876204,0.40987834,2.0687582,1.1617177,4.414475
482,PU,0.005064657,0.033159357,9.03074,20.642334,0.17095846,0.7795822,0.27604935,2.0524623,1.249902,4.4293876
483,PU,0.005026789,0.03309856,9.017607,20.497932,0.17110378,0.78075016,0.29334202,2.037143,1.2615129,4.413615
484,PU,0.004885898,0.03068488,9.611767,19.714552,0.18151759,0.78022313,0.28030473,1.9619286,1.334724,4.441206
485,PU,0.007328885,0.048225064,8.757841,14.383646,0.15556417,0.85809094,0.19910797,1.4100105,1.1057143,3.3039613
486,PU,0.007291987,0.048349675,8.726949,14.473014,0.15322115,0.85142565,0.37909144,1.4187584,1.0853101,3.3910465
487,PU,0.00712968,0.046119396,9.006126,13.998239,0.15810929,0.85412556,0.40291148,1.3751976,1.1159475,3.3634105
488,PU,0.007574604,0.049544953,8.610532,14.834531,0.15256578,0.8507536,0.19296642,1.4529774,1.1038135,3.400225
489,PU,0.007244516,0.04735355,8.85371,14.212447,0.1554683,0.8527574,0.2578985,1.3944635,1.1189302,3.3771558
490,PVC,0.00329544,0.06031554,2.4788148,25.221231,0.048836254,0.722407,0.1556995,2.503368,0.5196843,5.1001806
491,PVC,0.003393256,0.074385926,2.0513413,25.908037,0.0416468,0.71380514,0.12967965,2.5794394,0.44851914,5.2097425
492,PVC,0.003378573,0.066643246,2.31282,25.614836,0.04618319,0.7092742,0.1391725,2.5473802,0.49444494,5.277025
493,PVC,0.004266189,0.08358825,1.8146014,25.905045,0.03820457,0.7265537,0.118591696,2.5780768,0.41240475,5.0436215
494,PVC,0.003962143,0.071764685,2.1567872,25.853024,0.043422893,0.70894283,0.14166898,2.5738013,0.4693652,5.278376
495,PVC,0.003579632,0.08405664,1.8127135,25.91011,0.038369868,0.72261745,0.11486912,2.5785863,0.4174905,5.0940633
496,PVC,0.003578948,0.085640706,1.7955312,26.068407,0.037446965,0.7233342,0.13409816,2.5970318,0.41089228,5.0852656
497,PVC,0.003283582,0.056101736,2.8072655,25.041327,0.053984903,0.6881273,0.16790858,2.4842372,0.58941734,5.615314
498,PVC,0.003707225,0.089049175,1.7482685,26.186512,0.036378134,0.7194805,0.11078738,2.6107664,0.40795213,5.1345787
499,PVC,0.003720751,0.08685388,1.79121,26.31835,0.037483282,0.7063305,0.11611777,2.6263988,0.42521518,5.310688
500,PVC,0.003475485,0.059943393,2.5764494,24.797888,0.05176507,0.7009638,0.18594746,2.4560323,0.57955414,5.409484
501,PVC,0.003258597,0.062720545,2.4056535,25.416538,0.04744666,0.71514213,0.15635525,2.5251977,0.5023367,5.1969905
502,PVC,0.003646627,0.060288433,2.5763175,24.769222,0.051693626,0.6992149,0.17972122,2.4527323,0.56373584,5.4362917
503,PVC,0.003572481,0.07828742,2.0527365,26.287374,0.040659755,0.6903437,0.12636268,2.6235657,0.46294266,5.5649643
504,PVC,0.003866842,0.09398935,1.6744835,26.166517,0.034691885,0.72345984,0.10856438,2.6082377,0.3885259,5.0840735
505,PVC,0.003596685,0.0780558,2.0033534,25.182852,0.041492973,0.72220665,0.12683347,2.4978745,0.45192045,5.102595
506,PVC,0.00378518,0.07343572,2.1265776,25.92411,0.043335717,0.69657683,0.16807,2.5818565,0.48212826,5.4664483
507,PVC,0.003951075,0.101043716,1.5263293,26.114983,0.033153787,0.7238009,0.20857576,2.601457,0.37690634,5.079622
508,PVC,0.004038779,0.099424124,1.5497149,26.098919,0.033923075,0.7219853,0.103184335,2.5995674,0.38592494,5.1029058
509,PVC,0.004029514,0.096188106,1.5933642,26.256084,0.03479266,0.72167665,0.10569552,2.618857,0.39399937,5.107842
510,PVC,0.003604961,0.083080366,1.8482567,26.075367,0.039145876,0.7085347,0.12471718,2.5980456,0.43690848,5.2810903
511,PVC,0.003671046,0.08096096,1.9078085,26.083235,0.039890263,0.7078843,0.118848294,2.5992162,0.444365,5.291385
512,PVC,0.003711109,0.08632825,1.7939284,26.302446,0.035803337,0.7206312,0.11478307,2.6245143,0.3942329,5.114866
513,PVC,0.003526486,0.07465276,2.0929883,25.697973,0.042974755,0.70377797,0.12682581,2.5556114,0.48020467,5.355248
514,PVC,0.00391064,0.07145142,2.206277,25.365646,0.045191776,0.706852,0.14141206,2.518781,0.5034194,5.314684
515,PVC,0.003632014,0.07009413,2.2714784,25.395124,0.046006616,0.7069049,0.13439842,2.5222504,0.51220256,5.315243
516,PVC,0.003914886,0.08803478,1.8688066,25.021101,0.038274176,0.72797096,0.12761022,2.4789915,0.4316893,5.0247087
517,PVC,0.003631905,0.091737114,1.7406267,26.041063,0.036347687,0.7236933,0.34666854,2.593611,0.40608558,5.081657
518,PVC,0.003533881,0.07092099,2.2120018,25.496737,0.045341548,0.70265406,0.13616341,2.5334191,0.49835375,5.3746586
519,PVC,0.003363773,0.06628351,2.359547,25.236834,0.04850757,0.7037686,0.14422883,2.5046573,0.5499703,5.363671
520,PVC,0.003577859,0.07921819,1.9844373,26.14151,0.041035585,0.7125807,0.35176745,2.6066139,0.45105815,5.228595
521,PVC,0.003807812,0.08892072,1.7757236,25.998539,0.03712109,0.71905166,0.36196747,2.589009,0.41206095,5.1400523
522,PVC,0.003828319,0.07189031,2.2018015,25.379622,0.045132834,0.70557314,0.34998745,2.52048,0.4980539,5.331688
523,PVC,0.003704417,0.07647344,2.0480704,25.933424,0.04051424,0.71657056,0.13990447,2.582337,0.44382563,5.172151
524,PVC,0.003472932,0.06628916,2.35226,25.315987,0.048131354,0.7052266,0.23210947,2.51384,0.5212081,5.3401437
525,PVC,0.003651802,0.08727593,1.8108428,26.07364,0.037504565,0.7107792,0.11299836,2.597428,0.42709002,5.24894
526,PVC,0.00423127,0.056457017,3.5750015,29.01827,0.07581672,0.6880867,0.172837,2.9524562,0.75245726,5.642651
527,PVC,0.004281671,0.055126783,3.6338413,28.395412,0.07823945,0.705478,0.17684169,2.8775454,0.7605749,5.3643723
528,PVC,0.004268975,0.051152587,3.9416928,28.237967,0.08339502,0.7033027,0.18752603,2.8606546,0.7985047,5.405293
529,PVC,0.004663859,0.049645178,4.0626616,27.951908,0.08605109,0.7148032,0.17905532,2.82718,0.8096594,5.235836
530,PVC,0.003493611,0.07292839,2.1430125,25.69124,0.04232867,0.71523297,0.35484555,2.5554438,0.46846285,5.1913753
531,PVC,0.0033696,0.07249336,2.1711771,25.694841,0.042764533,0.7102442,0.18622524,2.5560136,0.47010845,5.261693
532,PVC,0.003553626,0.06634361,2.301524,24.917711,0.045960795,0.71414834,0.13690771,2.468715,0.493824,5.2087407
533,PVC,0.003859268,0.09309403,1.6640995,26.34108,0.0342235,0.7254952,0.11229975,2.628849,0.38293046,5.056265
534,PVC,0.003652096,0.069209345,2.2014568,25.404625,0.04441593,0.7082699,0.1625953,2.52316,0.48562965,5.2886095
535,RUBBER,0.003963507,0.01046943,24.153908,-4.0898724,0.4031092,1.0164932,0.73437136,0.19954138,2.0317922,2.0160804
536,RUBBER,0.003934328,0.010734197,24.10102,-3.7849479,0.40036687,0.9902966,0.87199026,0.21194454,2.0588233,2.310566
537,RUBBER,0.003919253,0.010543065,24.566763,-3.3578637,0.39965788,0.9975285,0.69716245,0.24187653,2.05258,2.2109792
538,RUBBER,0.004105505,0.010781948,24.291338,-3.4509726,0.39634278,1.0020071,0.53780264,0.23096472,2.0226626,2.147881
539,RUBBER,0.003988994,0.010824359,24.23508,-3.3401654,0.39686477,0.9854895,0.7098117,0.23406953,2.0916195,2.348688
540,RUBBER,0.0040969,0.010740901,24.296501,-3.222583,0.40110508,0.99931514,0.5979973,0.24175498,2.0371654,2.208334
541,RUBBER,0.004019158,0.010863624,24.124031,-3.7422404,0.3968992,0.9870399,0.6772313,0.21283732,2.0704951,2.332331
542,RUBBER,0.003966236,0.010868344,24.168877,-3.2768433,0.39721116,0.98460275,0.82785064,0.23592786,2.0575125,2.362898
543,RUBBER,0.003967278,0.010758961,24.312634,-3.808811,0.39866564,0.9856245,0.59268844,0.21466503,2.070634,2.353275
544,RUBBER,0.004000199,0.010885008,24.15622,-3.3311806,0.39721772,0.9866068,0.6599435,0.23301435,2.072076,2.3395536
545,RUBBER,0.004113974,0.01091937,24.169527,-3.1492395,0.39785832,0.9860112,0.62901443,0.24217412,2.0706987,2.3509195
546,RUBBER,0.003947178,0.010537247,24.31886,-3.8545322,0.3950962,1.0143143,0.70665896,0.21197425,1.9960064,1.993242
547,RUBBER,0.004056092,0.010999622,23.959156,-3.0486763,0.3993496,0.99227804,0.9005315,0.2420392,2.0334756,2.2933736
548,RUBBER,0.004009452,0.010926079,24.269287,-2.794957,0.39492825,0.99624914,0.5334383,0.26001033,2.018402,2.2124617
549,RUBBER,0.004074258,0.011169002,24.00598,-2.5704181,0.39418542,0.9773969,0.6570592,0.26793742,2.0646646,2.4432054
550,RUBBER,0.004023084,0.011093468,24.033072,-2.9965906,0.3950377,0.9655443,0.5260281,0.24448797,2.1037557,2.5848744
551,RUBBER,0.004029665,0.011037807,24.235338,-2.7697542,0.39484647,0.9722864,0.57310385,0.2620204,2.0942223,2.4992824
552,RUBBER,0.004161528,0.010976137,24.159315,-3.269901,0.39883837,0.98013103,0.7493524,0.23829536,2.0809798,2.4263206
553,RUBBER,0.004024589,0.010963762,24.252409,-3.2041001,0.39660016,0.96961707,0.77113456,0.24334201,2.1055434,2.537091
554,RUBBER,0.004051704,0.011148217,24.119392,-3.4458683,0.39151147,0.9516456,0.68636936,0.22751513,2.1694355,2.728944
555,RUBBER,0.004129091,0.011603456,23.66029,-2.7081916,0.38715845,0.92831385,0.74650306,0.25466636,2.2126553,3.0105145
556,RUBBER,0.004150332,0.011674331,23.618553,-2.7300303,0.3885193,0.9204027,0.7745571,0.2528373,2.2677288,3.1161284
557,RUBBER,0.004330464,0.010887347,23.966492,-3.8809385,0.39617494,0.99969256,0.7403313,0.20830734,2.028378,2.18185
558,RUBBER,0.004287934,0.011731798,23.701582,-3.0344372,0.38870898,0.9028454,0.772384,0.24194829,2.327977,3.3331285
559,RUBBER,0.004496116,0.012287113,23.159758,-2.433818,0.38265166,0.88373506,0.79000765,0.26052153,2.3874228,3.563967
560,RUBBER,0.004484834,0.012813465,22.75611,-2.164718,0.3754359,0.855752,0.6239691,0.26383582,2.462439,3.903337
561,RUBBER,0.007315838,0.013522849,22.238255,-2.529291,0.36995366,0.8237556,0.836364,0.23328683,2.654731,4.327106
562,RUBBER,0.004782216,0.013809335,22.007935,-2.464827,0.3661051,0.7937024,0.6727188,0.23291287,2.7974474,4.7455196
563,RUBBER,0.005016383,0.014403227,21.6218,-2.500165,0.36108845,0.7675163,0.64968884,0.22546305,2.9207294,5.128815
564,RUBBER,0.005051461,0.014566817,21.523523,-2.4755273,0.36038107,0.7540309,0.53791934,0.22330727,3.0087879,5.3403234
565,RUBBER,0.00627662,0.014884192,21.43531,-2.2791939,0.35949257,0.74971163,0.58213663,0.2331217,3.0329854,5.410411
566,RUBBER,0.005164229,0.014964523,21.347223,-1.8911003,0.35694152,0.73614895,0.6091209,0.24875532,3.1182606,5.622262
567,RUBBER,0.005818662,0.015323924,21.105808,-2.232818,0.3550808,0.7319725,0.7183196,0.22791424,3.1633668,5.6885424
568,RUBBER,0.003902844,0.010512739,24.276243,-3.9944773,0.40196022,1.007674,0.53358364,0.20464489,2.0651357,2.1095884
569,RUBBER,0.005344147,0.015298278,21.190878,-2.3809292,0.352768,0.71600634,0.5171553,0.22371306,3.26048,5.944888
570,RUBBER,0.005311242,0.01532241,21.06738,-2.5462308,0.35443354,0.7158015,0.61882573,0.21250606,3.262346,5.960125
571,RUBBER,0.005373172,0.015458619,21.041359,-2.4170651,0.35271022,0.7087541,0.49062988,0.21735695,3.3044438,6.0760393
572,RUBBER,0.005389558,0.015591305,20.905005,-2.4002094,0.35192668,0.7091959,0.47991496,0.21456094,3.2975438,6.067679
573,RUBBER,0.005550671,0.015832022,20.81686,-2.3268223,0.35021576,0.7022274,0.753984,0.22064866,3.3428738,6.1864467
574,RUBBER,0.005829498,0.016110612,20.642574,-2.0613523,0.3482293,0.70628285,0.5745567,0.22618529,3.30238,6.11158
575,RUBBER,0.003960528,0.010553902,24.302925,-3.7718534,0.403009,1.0072953,0.70233005,0.21801396,2.0088303,2.1211274
576,RUBBER,0.003931832,0.010625457,24.247257,-3.6299613,0.4018899,0.99700475,0.7750166,0.2211701,2.088686,2.2368302
577,RUBBER,0.003934913,0.010768632,24.055073,-4.003294,0.39761978,0.9883472,0.75463563,0.20063768,2.059955,2.3200996
578,RUBBER,0.004235528,0.011060566,23.93299,-3.2426407,0.3955547,0.9804534,0.77297294,0.23950413,2.0601501,2.4088733
579,RUBBER,0.004028294,0.010842971,24.105103,-3.7273843,0.3959427,0.99060136,0.61313367,0.21472569,2.0296342,2.283657
580,SAN,0.003552469,0.031185234,5.662873,16.534634,0.10635536,0.7997369,0.23653382,1.5952641,0.8996787,4.0449357
581,SAN,0.003358477,0.024403226,6.8761077,13.781936,0.12644418,0.81704736,0.25765702,1.3309094,1.0775719,3.8267975
582,SAN,0.003636377,0.028140763,6.181588,15.935628,0.11450931,0.80317545,0.24423526,1.5387917,0.9969632,4.0059733
583,SAN,0.00577581,0.037399728,4.996578,18.137909,0.09288114,0.7840692,0.24087389,1.7537413,0.8115697,4.2451606
584,SAN,0.003521575,0.024424896,6.9914446,14.71317,0.12566194,0.792459,0.3735557,1.4242463,1.0807128,4.168233
585,SAN,0.003630455,0.026564067,6.5312476,14.920737,0.12014809,0.80252004,0.25060636,1.4400713,1.0260985,4.0221095
586,SAN,0.003883127,0.031559773,5.6045957,16.401598,0.10527887,0.80255896,0.26792157,1.5813524,0.8943592,4.00583
587,SAN,0.004206867,0.03314136,5.383765,17.213129,0.10165164,0.8031518,0.44169545,1.662273,0.87030953,3.9933507
588,SAN,0.003776253,0.031699702,5.58753,16.864033,0.104753196,0.7987941,0.21763723,1.6278834,0.8914465,4.057145
589,SAN,0.003605451,0.03503315,5.101244,17.95583,0.09705496,0.7985136,0.19376574,1.7357432,0.8297761,4.0535407
590,SAN,0.003492051,0.029791033,5.868344,16.310007,0.1093616,0.806489,0.23559508,1.5741681,0.93531185,3.9541793
591,SAN,0.003794893,0.029555624,5.9051747,15.804139,0.11061896,0.8071825,0.24048719,1.5236079,0.941551,3.9472308
592,SAN,0.003292127,0.026386812,6.4045415,14.7940855,0.11861985,0.8069793,0.27415544,1.4269981,1.017624,3.9579277
593,SAN,0.004047642,0.03812312,4.7135344,17.666422,0.090505816,0.79657876,0.19722585,1.703711,0.77451783,4.074949
594,SAN,0.003554792,0.029649548,5.8979397,15.9604435,0.1097321,0.803418,0.39552796,1.539493,0.92902905,3.997997
595,SAN,0.004142951,0.035184886,5.102396,17.313282,0.10535019,0.79897237,0.22226132,1.6701277,0.8256073,4.048012
596,SAN,0.003754538,0.028861757,6.0285397,15.431346,0.11286191,0.80395037,0.255848,1.4873154,0.95726544,3.9943626
597,SAN,0.003738943,0.032279905,5.5283823,16.808363,0.10310812,0.7968417,0.21726,1.621981,0.87670135,4.0819154
598,SAN,0.003326337,0.025537632,6.581698,13.848041,0.12316989,0.8104516,0.2495168,1.334961,1.0458342,3.9158385
599,SAN,0.00359388,0.031788368,5.565593,16.545456,0.104260094,0.7988147,0.24564247,1.5957638,0.8862167,4.056302
600,SAN,0.00324391,0.024259564,6.9422827,14.140742,0.12755015,0.8163532,0.26458964,1.3670051,1.077519,3.83779
601,SAN,0.003383642,0.02729957,6.285008,15.097876,0.11686628,0.8105404,0.4081042,1.4562899,0.989948,3.9067268
602,SAN,0.003598088,0.033851396,5.268952,17.27176,0.09975972,0.7953859,0.38591605,1.6672697,0.8527318,4.0990057
603,SAN,0.003784494,0.03250748,5.497371,16.870588,0.101959415,0.79912007,0.207099,1.6277843,0.8836087,4.0500264
604,SAN,0.003542243,0.024434624,7.021271,13.803537,0.12593769,0.8047508,0.2793493,1.3341507,1.1157904,3.998067
605,SAN,0.00341185,0.025258264,6.7281127,13.88235,0.1229737,0.81065005,0.24152927,1.3395374,1.0514883,3.9117167
606,SAN,0.003360531,0.025327668,6.701389,14.111097,0.12342893,0.80757976,0.4215981,1.3622458,1.0515577,3.9557369
607,SAN,0.003417433,0.028510315,6.0635138,15.530446,0.1139493,0.80898464,0.23794876,1.497486,0.96836066,3.9253514
608,SAN,0.003667395,0.029548181,5.9191823,15.910988,0.11180205,0.8034952,0.28300992,1.5344371,0.9531113,3.999218
609,SAN,0.003729139,0.0325023,5.4851766,16.450897,0.102974385,0.80447507,0.194095,1.5854629,0.87651455,3.9773915
610,SAN,0.003719525,0.036410183,4.9677796,17.415392,0.094285384,0.78645927,0.21739785,1.6797212,0.8096088,4.2140617
611,SAN,0.004252193,0.0397179,4.3518314,12.955114,0.14985886,0.8515387,0.49305817,1.2326492,0.7489821,3.3055785
612,SAN,0.0037752,0.032716066,5.4529333,16.530855,0.102922864,0.79875314,0.38491562,1.593571,0.87849945,4.055553
613,SAN,0.004207295,0.038009148,4.7927785,17.856339,0.09219948,0.8008523,0.38645473,1.7239438,0.7923057,4.0181603
614,SAN,0.003670623,0.0366442,4.8828683,17.562235,0.092376016,0.7966359,0.19380757,1.6941704,0.809554,4.075572
615,SAN,0.003780686,0.032020167,5.553569,16.69365,0.10468064,0.80156577,0.21169116,1.610471,0.89231986,4.0177817
616,SAN,0.003800296,0.032636985,5.440969,16.874445,0.10272659,0.7988587,0.19778585,1.6278667,0.8712665,4.0537143
617,SAN,0.007086411,0.040368266,12.326271,21.048416,0.19786406,0.7686168,0.32855403,2.1423361,1.4416149,4.6110177
618,SAN,0.006608515,0.033052884,14.265868,20.106571,0.22232169,0.7655456,0.45034465,2.0764637,1.6331218,4.7008214
619,SAN,0.009305212,0.03462964,14.644866,19.489363,0.2234815,0.7501264,0.51397055,2.019088,1.7036281,4.922571
620,SAN,0.006743717,0.03434435,13.859636,20.10228,0.21836941,0.7667845,0.35762125,2.0685596,1.5878538,4.675825
621,SAN,0.003368871,0.027260527,6.2496076,14.98913,0.115897425,0.8047702,0.52097946,1.445505,1.0068736,3.9867687
622,SAN,0.003425952,0.02601268,6.5236936,14.556725,0.121223256,0.81240517,0.24335727,1.4042265,1.0305067,3.8856194
623,SAN,0.003376969,0.025535742,6.5435495,14.105571,0.12271353,0.8105998,0.4003124,1.3603451,1.0407617,3.91277
624,SAN,0.003482346,0.023719905,7.09217,13.381285,0.12880488,0.8215656,0.33336252,1.2934101,1.10875,3.7653506
625,SAN,0.003266524,0.026089698,6.484059,14.819403,0.11960404,0.80205077,0.23254748,1.4297998,1.0265332,4.028183
