polymer,mean(ni),standard_deviation(ni),mean(nd),standard_deviation(nd)
1,-0.464632714157164,-0.2058533295876325,-0.03464047674393933,0.2714101306288911
1,-0.49752551236169573,-0.19597249737338418,-0.4095364415316506,0.8185965693230731
1,-0.5017468297389956,-0.23750150015920213,-0.30625256090067854,0.8658387865453174
1,-0.4543734692895196,-0.21326499764522797,0.12842965370490012,0.13693957099393758
1,-0.4699262788962369,-0.042141529015531816,-0.08323928176918198,0.3625148716171154
1,-0.4735454964518637,-0.20506507143239883,-0.13065099128737478,0.3878199952427156
1,-0.4725029953846856,-0.2059224587607517,-0.1244213581335787,0.3747753326650512
1,-0.4690105072496233,-0.2015951581051527,-0.03734523061927032,0.33037143040995787
1,-0.4812674814448284,-0.20238480812293227,-0.22582526727336727,0.5087278149468126
1,-0.4628878433418808,-0.18918484769059088,-0.005975051042075327,0.239590500626825
1,-0.4588910339468435,-0.17218231878250287,0.06975882328185105,0.20827983070125766
1,-0.47807413717649894,-0.2057860562312412,-0.18663815878466347,0.4498628573899841
1,-0.47082726744488085,-0.20119940518789897,-0.11145823752679453,0.35140834403047566
1,-0.4667121332332009,-0.052587457423466995,-0.08076992276084637,0.3608584591899742
1,-0.4792949359125907,-0.2050395539523885,-0.19696888465222984,0.47672736967312124
1,-0.41012591611257243,1.9518583846821618,0.345844796656968,0.019032222616794745
1,-0.4570751592366419,0.06452014556581794,0.03233175349994566,0.2383146862790728
1,-0.4664256262887934,-0.20562228040499184,-0.04336751428062257,0.29099708863088297
1,-0.4631892984746922,-0.21454551118757317,-0.003612067828949869,0.2499932876150038
1,-0.4735468622000011,-0.20556753381151482,-0.11827738238390308,0.39119505933422694
1,-0.464702397328609,-0.2065794178824767,-0.01234611153484779,0.2694771650951735
1,-0.47992861303185586,-0.09445421885378767,-0.19173886729870004,0.5300734686182834
1,-0.4656234068444525,-0.2165414420785763,0.027265382459253223,0.2778237554317917
1,-0.41359392583871235,1.640431459779453,0.33262733244488407,0.06136467703533742
1,-0.39917168554169713,2.086685325790739,0.45492129934336695,-0.08883949883442971
1,-0.48518108526103937,-0.09153223541549424,-0.23491486630527345,0.7128207156074688
1,-0.43936733414325496,0.008871161204734454,0.39565113616148917,0.06912917619171406
1,-0.4662983415640412,-0.13249289432835099,-0.02051129983544276,0.30755948974986164
1,-0.46359959322829153,-0.02113229179161297,-0.0008284453929322587,0.307301222634058
1,-0.4772957057629012,-0.20995932409841314,-0.15560393381782983,0.43699957589519256
1,-0.46612672255360116,-0.17002307601943234,-0.016202122861113166,0.2997853075055448
1,-0.4685682750011209,-0.18646561222983554,-0.07281888314497607,0.3171437921904504
1,-0.466558539096529,-0.18262871114462,-0.03225560572004764,0.2849119944132524
1,-0.4707722473056353,-0.2108858405998852,-0.08003761767079294,0.3356122313715028
1,-0.46782769432161403,-0.11377791053446727,-0.06510117897560845,0.32271246791059205
1,-0.47346919465483034,-0.21272588288573344,-0.12478899056368332,0.3749676699111716
1,-0.3979794924753823,6.646801437601209,0.1329951198677094,0.23779907792041513
1,-0.4547353625294618,0.6390921394662751,0.025178330545640525,0.22951358233918312
1,-0.4349174715721658,1.212546931696454,0.1525703256068657,0.22175300528350003
1,-0.43729342308443114,0.8697859332033957,0.24085829272067905,0.10948829958776639
1,-0.43994900777575363,0.20748113139337865,0.1692500171795039,0.06074762129186733
1,-0.4626853073955855,-0.023802348109075472,-0.0103261718920725,0.2934346677819711
1,-0.45471997910264056,-0.21479187085822013,0.09440210762140494,0.14356837124240446
1,-0.47410152103417946,-0.19860265363119395,-0.12253410105432015,0.3989980079367422
1,-0.4668057094929379,-0.21424858051108728,-0.037290216150222696,0.28364835786666825
1,-0.4639660789839482,0.14084200036886343,-0.015383177226502598,0.353446820502511
1,-0.4534798647857498,-0.13379011022124856,0.10229755323281282,0.14922437478486372
1,-0.467461913952358,-0.21423976538162912,-0.055945357673681605,0.28780925662491796
1,-0.48303373897544843,-0.20405504317816503,-0.24188658420925244,0.5339230040188873
1,-0.4596179721531986,0.15370744983597626,0.03686649393690799,0.23533058490025768
2,-0.5470493558150121,-0.7584181208186691,-0.16927407728218372,0.9907354083729891
2,-0.546975200193623,-0.754339963558809,-0.1900805474060972,0.9982833947117599
2,-0.5472242766341356,-0.7600498476767952,-0.1690628469722281,1.0008490529543346
2,-0.5497117542387997,-0.7567172647874236,-0.24236344871625554,1.1176737729467168
2,-0.5443690675914479,-0.7564681213916847,-0.17668656291588333,0.8832433462688567
2,-0.5468544890697954,-0.7571148735214055,-0.18069116298303986,0.990547070383641
2,-0.5461940823084145,-0.7584278638564913,-0.15951236205262095,0.9607153539030359
2,-0.5457846280152073,-0.5966363696437263,-0.16775768147319964,0.993594786949764
2,-0.5439726704507621,-0.7475383952505553,-0.11422849960172526,0.9005313874534449
2,-0.5471930295174119,-0.7579653015370282,-0.17616862383633483,1.0100004840718695
2,-0.5525447811304223,-0.7543622333595454,-0.2888896798644163,1.2595937134512123
2,-0.5427839592917864,-0.7605875705737437,-0.07420844348882792,0.8275971345870633
2,-0.5444156080856651,-0.7627407819324481,-0.11755915172535918,0.8760794171736928
2,-0.5389995762608738,-0.7569506337409743,0.03764511011593561,0.6970931304061797
2,-0.5432969402954452,-0.7601013465909982,-0.08875618985087697,0.843943755871189
2,-0.5446810885120467,-0.7599329312229288,-0.11844692753935872,0.8982190197595658
2,-0.5476085171155772,-0.7599139091014665,-0.1911815405086185,1.0129748252066653
2,-0.5453667991345208,-0.7575431032314,-0.13562669608214462,0.9280475085441914
2,-0.5491210156406424,-0.7568555231336623,-0.22920782921203986,1.0882574776559162
2,-0.5480216634312215,-0.757596921916513,-0.19385173958482452,1.038986814251934
2,-0.5432243755455127,-0.7597965286934181,-0.08272585478679378,0.8439682014889511
2,-0.5476745983139129,-0.7598883916214559,-0.1864166106745498,1.0142959430322593
2,-0.5447749199115457,-0.7597594123588574,-0.12327058707843973,0.9025703011432625
2,-0.545653861383116,-0.7588018109271906,-0.1417157815489329,0.9416599498494046
2,-0.5461913207956973,-0.7596656936140916,-0.1546735518019744,0.9556315784220266
2,-0.541229032525137,-0.7639025232041988,-0.016172369926855893,0.773363522122112
2,-0.5441449348147176,-0.7596638377973636,-0.11099610977748926,0.8761002621744256
2,-0.5480403486667262,-0.7571872503737989,-0.20555377043066764,1.0410631100621284
2,-0.5478220240716349,-0.7575556299943141,-0.18813182852629834,1.0323980065711904
2,-0.5460521645679054,-0.7596712610642757,-0.14400383911196368,0.9535970626287237
2,-0.5453994720322671,-0.7576628034103583,-0.13238446450469898,0.9280782295230627
2,-0.5485431090716872,-0.7567738671976287,-0.20974320089985324,1.0640255950921065
2,-0.5243481003918901,-0.769251914922764,0.4905334401355878,0.2955397942470963
2,-0.5468625634928488,-0.7588778994130401,-0.15727825302742762,0.9893506239227017
2,-0.5457961093044934,-0.7577602337885802,-0.14792120875030187,0.9470383458188717
2,-0.5384309147562326,-0.7586389630093054,0.07275346905089042,0.6809252283201942
2,-0.5375426982039057,-0.7626294329287658,0.131483349993199,0.6544681901507038
2,-0.5272458427337109,-0.7725190802724721,0.4595033857539733,0.3457107405019766
2,-0.5228591797824699,-0.7665085538445441,0.5215828365116804,0.2670210813444216
2,-0.5373891340836764,-0.7643530227149297,0.10825157590134392,0.6419300057956572
2,-0.5337837691162993,-0.7347708401158465,0.20945933300081648,0.5356971566229007
2,-0.5445755056752783,-0.7338016398296294,-0.12111007905096327,0.9241851523750924
2,-0.5455351163362773,-0.7597844658846858,-0.1356376969061844,0.9277723828250799
2,-0.5473323658438591,-0.7568954231933152,-0.1841079071623565,1.007944943246983
2,-0.547742060268607,-0.7604168354347643,-0.18548596993752675,1.0172783083992922
2,-0.5463489821603386,-0.7574721182415525,-0.2157507064081203,0.9575257858852889
2,-0.5227298539396223,-0.7680906376051951,0.537787847183969,0.26262984597104166
2,-0.529425546744401,-0.7650726156512259,0.3197422938864373,0.4185389551968327
2,-0.5412727964984158,-0.7619121597633797,0.012220342966818794,0.7737064165974613
2,-0.5456362717477653,-0.7585201907387111,-0.14423782653580886,0.9374031460846984
3,-0.5443719491699354,-0.7597065215821084,-0.32700546539408254,0.8581503504236938
3,-0.5475717019487553,-0.7545645173829014,-0.3603042870884823,0.999730225509078
3,-0.549687621018967,-0.7546758663865835,-0.44024493654866037,1.0910197810256996
3,-0.5512087342630521,-0.7547895351611758,-0.4646038242321023,1.1634212325871074
3,-0.5472322610078614,-0.5085500286474757,-0.41846040727215267,1.0990623121135041
3,-0.48851817827287514,4.006886831481335,-0.39489173682488693,0.8170386594903881
3,-0.5465278801581036,-0.7061972939084511,-0.38043660229193926,0.9749812943397992
3,-0.5515622078908512,-0.755359270896683,-0.47202955638957544,1.1783816291741334
3,-0.5491037711943814,-0.7577690489180383,-0.47123341961308823,1.054214698106229
3,-0.5480521901533233,-0.7568095916696435,-0.457511138659069,1.006399545558476
3,-0.5435976750336347,-0.7604687983031494,-0.4148162782331854,0.8111770992935708
3,-0.5492865263050178,-0.7306578862923356,-0.4313932575023449,1.0962527763638987
3,-0.5507034674851359,-0.7558923542518114,-0.4733298889771964,1.1313816948999507
3,-0.5485232982195858,-0.745536896909368,-0.4140495528790137,1.0718063613218496
3,-0.5496870206901154,-0.7447551341126827,-0.4340200224689585,1.1449971581515996
3,-0.5480637765001585,-0.7569163011315055,-0.4500827571968414,1.0087046734402558
3,-0.55032429978249,-0.756377186372011,-0.4559839593518254,1.1142756391875221
3,-0.5514560247252314,-0.7541075225136225,-0.46268180537678494,1.1748702817280472
3,-0.5451309899616278,-0.7551746171322433,-0.3573743009136127,0.8858970781758475
3,-0.5505244043969365,-0.7571510619476023,-0.4612627715175368,1.1175672461200226
3,-0.5503200674640865,-0.7544694067755895,-0.4440471131744017,1.1148084790705362
3,-0.5482422092430638,-0.7599630882447594,-0.4398701116701006,1.00457879068262
3,-0.5509954674385351,-0.7560951022293495,-0.45828538762479004,1.146798739741772
3,-0.5478161258406683,-0.7585020965256127,-0.337561878910442,1.0042092516412509
3,-0.5531851669246037,-0.761158234217615,-0.48278215299279126,1.2352570272131438
3,-0.5498581744456954,-0.7352807257618745,-0.458227610013674,1.1560546144718629
3,-0.5479898309938674,-0.7560923185042574,-0.36271640662573046,1.018992022074592
3,-0.5439266402360688,-0.7650406028126672,-0.3064887629777171,0.8214049091534513
3,-0.5483145938943407,-0.7418104169194708,-0.42541568085872866,1.0383155949408591
3,-0.548757291397703,-0.7668240426883103,-0.3972766595930118,1.0057228353064311
3,-0.5511802486590456,-0.7563451735334523,-0.4488952166893835,1.1580238305034618
3,-0.5487251738041445,-0.7551838962158834,-0.4341809470351148,1.043034910822381
3,-0.5503040086673072,-0.7562208338126739,-0.44913363341961543,1.1133346050674557
3,-0.5467035363800704,-0.7422386466294651,-0.3876204715532304,0.9647285502069873
3,-0.5407393592891401,-0.746249994487116,-0.22314300144191127,0.7720708363117061
3,-0.54891909503142,-0.7576887848445507,-0.4329025126071076,1.0438196653040104
3,-0.5517500057638408,-0.7551235821722224,-0.4987661433461479,1.1816620227564556
3,-0.5502130288298531,-0.7573862867178808,-0.4659939744602165,1.1046959403929928
3,-0.5472446427904248,-0.6738160757293069,-0.41571540673201285,1.0158802145253407
3,-0.5509785981978063,-0.7613633019660629,-0.4737297166693784,1.1221154941145923
3,-0.5508725651143993,-0.7485474955964252,-0.4668115333493691,1.1553243193228078
3,-0.5517461786674122,-0.7549069155692241,-0.4554663203888313,1.1881493316150002
3,-0.5425322564125481,-0.43241004388377774,-0.3910331382869472,0.9175389148527239
3,-0.5404918437036415,-0.1204092076579237,-0.38519992805476977,0.9399770600277476
3,-0.5501019830005357,-0.7577240453623834,-0.46221479297183843,1.097886221998129
3,-0.5513934404424562,-0.7564992063218794,-0.4725906087644681,1.1636476213828515
3,-0.5499411398929812,-0.7568555231336623,-0.4592853242393035,1.0929503932990021
3,-0.5485885239493079,-0.7155830870104954,-0.3991134143003836,1.053249501274024
3,-0.5497990420538167,-0.7589660507076218,-0.4411047601277283,1.0807705989318785
3,-0.5471001586440754,-0.6674232510554032,-0.4325166351602743,1.0040860591014478
7,-0.552181116920368,-0.7160864772979754,-0.35485484313841165,1.350185212200542
7,-0.5487198608938082,-0.7535127332522867,-0.2636601333594132,1.0735160885997237
7,-0.5497902622443627,-0.7549867156885297,-0.2818690636597882,1.1208306010681863
7,-0.5496390994395396,-0.7547681932688033,-0.2598998902604925,1.1194080487171258
7,-0.5465559305236929,-0.7567771148769028,-0.19703450668914235,0.976818702069417
7,-0.5488505825012356,-0.7561298987930002,-0.25185050555445015,1.074372816843909
7,-0.5492119804698752,-0.7562570222388706,-0.2660834089534018,1.0882398089137775
7,-0.5467908842279725,-0.7631346790329738,-0.20109458692344798,0.9585492355572963
7,-0.5503029130671531,-0.7510059888068915,-0.27419540418196825,1.1210912214444058
7,-0.5515695619192829,-0.7508584513770126,-0.3292636561855427,1.2026529899318048
7,-0.5464491320210001,-0.7369764782971178,-0.20389987984445157,0.9814454949526211
7,-0.5475457977588104,-0.72742134191864,-0.258287032851435,1.038503277103534
7,-0.5468563050645714,-0.7248913997641443,-0.2257097430976762,1.0402483418656863
7,-0.5482501335839043,-0.7556756876488132,-0.26102463396618586,1.0450108522922181
7,-0.5481481076955815,-0.7401828656489828,-0.23568377526609816,1.0576580067498003
7,-0.5468167884179174,-0.7344841164313648,-0.23726082566557993,1.0147260495958068
7,-0.5512123962690467,-0.754039785203049,-0.34850823697038696,1.1786437283752045
7,-0.5487495921801817,-0.6805290287887967,-0.27971279865945864,1.1311947585793745
7,-0.5515975522519869,-0.7569956372966291,-0.3118952592139901,1.1921513917248527
7,-0.5506070696797964,-0.756887999926403,-0.2947415904625769,1.153245605955465
7,-0.5526447058677646,-0.7538481721258793,-0.34378902834103064,1.252321727267117
7,-0.5514535183522762,-0.7473653403406659,-0.33592492938627133,1.2002555576605984
7,-0.5431956348017443,-0.6895538655372381,-0.1404937172888904,0.9061319929310326
7,-0.5455828574881976,-0.7141935442353782,-0.20035229519633121,0.9857552535063566
7,-0.5471249672338662,-0.7393528516173685,-0.3046796500398761,0.9997069886698895
7,-0.5512419924814286,-0.724311920990815,-0.33533221988932876,1.221654976259931
7,-0.543478209592174,-0.6199639859151448,-0.14950579311018056,0.9910027541874465
7,-0.5483980396047076,-0.7488741193405596,-0.28603474352580177,1.0536361561056309
7,-0.548640662510066,-0.750117052594162,-0.2532732132542762,1.068236220943406
7,-0.5498202486704982,-0.6430749355835648,-0.30649695926430176,1.1947719850958236
7,-0.5507803846192421,-0.7606622671970472,-0.3019481133492901,1.1501828696725902
7,-0.5508415881456588,-0.7502024201636517,-0.31031760858139956,1.1743816522784192
7,-0.5513617130626512,-0.756173046531927,-0.34243998373200163,1.182980555853396
7,-0.5269191137562489,-0.04833392548280745,0.0014329845875441427,0.7462550037384783
7,-0.5485103761410559,-0.7480343622711231,-0.23651392870168236,1.0660238218094882
7,-0.5476388487308024,-0.7424729434913798,-0.23412718453653786,1.0235686892250035
7,-0.5468207055636738,-0.7457192309028976,-0.23958032302487975,0.9909451957523573
7,-0.5241045920014756,1.286088773040901,-0.2702096286669552,0.9463268767531435
7,-0.5490658003945201,-0.7538296139585989,-0.2536782671140411,1.0833229734694823
7,-0.5494560141480348,-0.7594550584154595,-0.2762606717732816,1.0889235660877232
7,-0.5491060524440173,-0.665072395215163,-0.2780630372630755,1.1452241384772848
7,-0.5507137181002763,-0.7528831474273003,-0.32969854577033847,1.1559065262371682
7,-0.5510932009755691,-0.7593126244815827,-0.29621555600009913,1.161715748893589
7,-0.5495150414823645,-0.7530302209029972,-0.2705527136326915,1.1026448231833141
7,-0.5465822399356125,-0.7595506329769534,-0.2274739006454606,0.9617352543954001
7,-0.5479997664363607,-0.757596457962331,-0.2266300660345412,1.0295805494641195
7,-0.5455729370539256,-0.706344367384148,-0.19605451230221574,0.9954312688064311
7,-0.5478120285962563,-0.760449312227505,-0.2317708349341467,1.0120685884783214
7,-0.5462216824273649,-0.7462592735707562,-0.1800365673828429,0.964735121333067
7,-0.5484669873733095,-0.6831763513513407,-0.2889817121581029,1.1585831092029517
8,-0.5477107231025554,-0.7595316108554909,-0.19905225237641822,1.0149381902355907
8,-0.5480275316457455,-0.7587136596326088,-0.22534734718400093,1.032420291818735
8,-0.5465200008419269,-0.7581740809189323,-0.172894352229512,0.9749554084752244
8,-0.5459489830465434,-0.6738211792253089,-0.15467648052558985,0.9963078518816656
8,-0.547908336352268,-0.7554984571512857,-0.21665924200859626,1.0343951916815028
8,-0.5496986670698357,-0.7559030251979977,-0.2705527860746187,1.1126309287657272
8,-0.5425577553805182,-0.7613094832809498,-0.10630557780233364,0.8064162091447027
8,-0.5461422138956397,-0.7582241879705892,-0.18322400181702175,0.9541627967201735
8,-0.547469135764466,-0.764215228322873,-0.19940879084286198,0.9853549034706907
8,-0.5351472660204072,-0.5636807761872549,-0.011120083666519957,0.7090039586811824
8,-0.5490413219855977,-0.757853952533346,-0.26451691437755176,1.0729426903377395
8,-0.5465025913052316,-0.7581866076818465,-0.18841063680519282,0.9681440955213902
8,-0.5460983448648118,-0.7617284339073042,-0.18041649424282477,0.9315759332024753
8,-0.546399124627665,-0.7483558825192554,-0.18734174582512947,0.9789378066442254
8,-0.5474165169406267,-0.7583406404702735,-0.22273143815757349,1.0030978954763319
8,-0.5476974558349359,-0.7545788999625437,-0.23262924072121688,1.023111346565495
8,-0.5477264817349089,-0.7545603417952633,-0.2490256015689533,1.0210610394946478
8,-0.5449863257166229,-0.7603537376660111,-0.16235642175335604,0.8983613470070124
8,-0.5376942812389248,-0.7641470270581177,0.08034102612418245,0.6493690863286253
8,-0.5415084405808748,-0.7599626242905775,-0.02505787935302784,0.7823434095568741
8,-0.5493035456279596,-0.7476251546825909,-0.2525837006453197,1.1313521184029205
8,-0.546937964796605,-0.7575723323448665,-0.18144159925250866,0.9927134201976181
8,-0.5506016817283537,-0.7550850739751156,-0.2749905474691724,1.1605123969635602
8,-0.5471871012700027,-0.757959734086844,-0.18973087022501386,1.0025680261023675
8,-0.5491505067954754,-0.7546192639763785,-0.24425055056281397,1.0874003636313356
8,-0.5465345288001346,-0.756882896430401,-0.18411719007784472,0.9716985989344472
8,-0.5456101424345011,-0.7569538814202483,-0.1501982344427525,0.9310765019017588
8,-0.5484818004877217,-0.7569821826253509,-0.23307490345542517,1.0549533389711854
8,-0.5503291774544089,-0.7577291488583855,-0.2834120146094001,1.1335488805714524
8,-0.5499088872254311,-0.7501360747156243,-0.2693173821511821,1.1290248467264072
8,-0.5438858328823839,-0.7614723311988351,-0.1176034861846142,0.8586900186197174
8,-0.5489420876264347,-0.7583550230499159,-0.24007163452187388,1.0730525734538787
8,-0.5489872023396295,-0.75907183226112,-0.23981923649975295,1.0672964341799531
8,-0.5495094284076024,-0.7580154085886852,-0.2584847061722163,1.0959232298902524
8,-0.5434612503021173,-0.7352287628934895,-0.1211689122444425,0.8444430328597471
8,-0.5480376021622305,-0.7512170879597055,-0.22615611990230713,1.039046815962865
8,-0.5468725139435635,-0.7586487060471276,-0.1965953740772009,0.9799263689090841
8,-0.5457568628058226,-0.7574067007018892,-0.1748848080080446,0.9373804107600249
8,-0.5481130785070929,-0.7552145171918961,-0.2269832411258084,1.0382109970161457
8,-0.5478833926884857,-0.7501843259505533,-0.22950178820250047,1.0272526091015868
8,-0.5494543782519142,-0.7573890704429729,-0.26300836299436475,1.0956232470542897
8,-0.5493111097714892,-0.7585058081590689,-0.26322175621328,1.0832396706226304
8,-0.5481952785350929,-0.7585118395634349,-0.22151556250785606,1.0380127187519268
8,-0.5460225683555235,-0.7626011317236633,-0.15767562804294255,0.9374222036362629
8,-0.544393320877051,-0.7614282555515443,-0.12978617956419866,0.8800313772694458
8,-0.5479267364315684,-0.7488898937827478,-0.21290026146897267,1.0567384991758324
8,-0.5443847811991375,-0.7595529527478634,-0.10245838369345503,0.8890542534996738
8,-0.5479425250803645,-0.7483744406865358,-0.21912944962236067,1.045841668953135
8,-0.5456890706702601,-0.7590361077891052,-0.147006722562975,0.9383731651718547
8,-0.519707093114464,2.327296140168304,-0.27499809177841567,1.0361332352404466
6,-0.2970938237485892,1.7388375336461326,0.6476822606203081,-0.32943613648786135
6,-0.399763024468706,0.06274273709454094,0.09069313270902683,-0.0630479832854991
6,-0.4101944136345355,0.05755944097313518,0.036127575933814195,0.014148628583291877
6,-0.37297579580786855,0.06496878925982062,0.33038595852930847,-0.2442237795500983
6,-0.40648441134833146,0.05269070578713142,0.08142269792991787,-0.020834284932204454
6,-0.3973803192568605,0.0613634013114279,0.11616064059500684,-0.08045983425852367
6,-0.41478121121666567,0.06243652733441493,0.01078855932843837,0.055725583533571384
6,-0.39303847085438853,0.07147574666249845,0.17773814124131393,-0.11186437741379454
6,-0.40965476302164616,0.06363770471163648,0.037466644254626286,0.00768023582349966
6,-0.4001672709091258,0.09051271465869663,0.10046556934376893,-0.048272825585306524
6,-0.3987513502880555,0.059601767282339166,0.09974058088833097,-0.07021658032345489
6,-0.40563517114669206,0.06546382837202434,0.053564544363588755,-0.017529162826495956
6,-0.39602636758149257,0.20222406655703343,0.16729412654894324,-0.07666016740378177
6,-0.42550222903693086,0.07147899434177261,-0.06748533592907806,0.16216315350316104
6,-0.4046780368422058,0.04739420484531526,0.10568351994204873,-0.03988503390239051
6,-0.4005189885750341,0.09467020808368014,0.09816538293240804,-0.04813364887776063
6,-0.38832482378592353,0.1658839273428054,0.1719836029417362,-0.1368435294640856
6,-0.3930874126640121,0.04880926510044311,0.14932046692940326,-0.12533842643160115
6,-0.4200316723441966,0.09340871666279735,0.014088578865846413,0.11583365411991425
6,-0.4048282991537515,0.11145282270949589,0.08279656942217556,-0.015579955938104942
6,-0.41505261989045644,0.0694895588093174,0.004465020739703431,0.05502922420002146
6,-0.4067325872955667,0.1222114562361054,0.0817887987307114,0.011510302173449762
6,-0.39954001730857236,1.372317441492387,0.09174659355866362,0.07742917711583713
6,-0.40694762509019583,0.07882524485970482,0.07156808110354575,-0.006703586242947378
6,-0.4036073803518894,0.05024241956866925,0.08933585041802641,-0.04376724490253907
6,-0.38719607047099736,0.06744259295829334,0.2364529128674431,-0.14664546348542815
6,-0.4152720100692594,0.19351564656072232,0.01177412139488853,0.09925372571160863
6,-0.30753511834046954,2.9736200401790174,0.34415389859495993,-0.41572241603278165
6,-0.4020831003731123,0.07179494713972072,0.0867266163977189,-0.042513895833183026
6,-0.3874246156647866,0.4412077936182929,0.17232015778520632,-0.14207863373511578
6,-0.40974572785087887,0.0648959484532453,0.037291986768901594,0.016026388942335937
6,-0.38659344536157914,0.07581464617264781,0.21850059256979495,-0.17153893370975795
6,-0.42655732200177054,0.06329855420458785,-0.09309026615036238,0.16181770001785162
6,-0.40332840753456906,0.04774217048182224,0.12145025695667114,-0.045617357666533326
6,-0.4199110812861392,0.07017435518196297,-0.02800836659320624,0.10645943482366417
6,-0.41850869808067154,0.07030751003219951,-0.006108499420247907,0.09833994054684934
6,-0.42110019766708984,0.061796270563242335,-0.032531309344932584,0.11006808894497874
6,-0.37682307829420336,0.7533621986783923,0.21485970271984392,-0.16491096931881574
6,-0.3894615014416903,0.15485295271135666,0.21920304123712417,-0.10750646060728608
6,-0.4250684764334568,0.07803605879610742,-0.06649974281608811,0.15898719067404743
6,-0.4247283000897198,0.07087817367607076,-0.01695972053249674,0.1569905456562897
6,-0.3872888362867848,0.05940505070916743,0.26317740202222517,-0.14645932444433743
6,-0.3839168641686734,0.8358179917217802,0.21572086130013607,-0.06947900678426136
6,-0.4086490020801835,0.059067756018846666,0.08965426373323478,0.015027462044169899
6,-0.38207304415043164,3.4685491952416077,0.14894579728354415,0.007659005042370538
6,-0.41180593640366575,0.059725643048935594,0.03679699108248313,0.028769564140493326
6,-0.3984413854937732,0.046511300036952044,0.15460373944804176,-0.08606034972068577
6,-0.39879190250197843,0.42864901786548804,0.16268629220775224,-0.04855757009562521
6,-0.41730766517201745,0.06045312320632587,0.01579048810074126,0.07971111959581498
6,-0.40878523170482395,0.05085947863074153,0.0760409768326404,-0.003513246664408336
10,0.22479925681854457,0.015996105577848505,0.5021544395117841,-1.236973626311484
10,0.11873521145107184,0.01593254385491311,0.4831522597631499,-1.2229702608716142
10,0.3339790239338397,0.0506307492190109,0.3544428461684058,-1.224285720584733
10,0.27748093508862054,0.1346277980550334,0.3956054873987039,-1.233366142390704
10,0.23254273358439503,0.02257497587873773,0.4035247664040574,-1.2364381502624304
10,0.3425163455565519,0.06703709700321732,0.2859982130628506,-1.224951706141768
10,0.42743664368161366,1.0822268415119136,0.11026746914506036,-1.1941241875842046
10,0.21758088769915435,0.22524408120577974,0.41856430031004843,-1.227889899653454
10,0.3162136723282519,0.08496011100841143,0.31683407133617425,-1.229025868607641
10,0.17079407855409598,0.003912882861602985,0.3996782553190611,-1.2281815882109017
10,0.3792994698260755,0.049486174251994454,0.23802877314955495,-1.2108999638402345
10,0.18295252377653864,-0.025640070624013692,0.498588702986555,-1.218553461117323
10,0.4089352889040122,0.1395109158206793,0.10542877273172711,-1.212412094399256
10,0.21213057709693883,0.008295858019043147,0.4532136775450949,-1.22226326685848
10,0.3181473615755724,0.032786607424758286,0.2580830890954481,-1.2356405750123056
10,0.1126554710562161,0.040571294644689324,0.5396271994518616,-1.1957585590913855
10,0.31278881123831803,0.05706486581511342,0.18720482120035944,-1.246422789879339
10,0.36036529295471964,0.03412001174385245,0.1801205595885386,-1.2283626606694575
10,0.4730322953276261,0.0628081546342042,0.054803332359895277,-1.1731022679617462
10,0.35747888181997206,0.07806899954303004,0.26060324024337783,-1.2156150361373994
10,0.4895418640332974,0.1764374931209668,-0.007870411268298554,-1.1673390817659197
10,0.3390186195522598,0.020189323474846817,0.28441146579401233,-1.2193386528167347
10,0.3002374207660861,-0.03989459891206165,0.2790116342150129,-1.2348852427155472
10,0.07067588523935979,-0.0057215896819981975,0.5634938752886474,-1.1782290965349538
10,0.35727239871147765,0.07169102140295065,0.22012266045241405,-1.2227237343391966
10,0.02474718615472263,-0.01099721268562387,0.5654441051000639,-1.1537121479771617
10,0.1370272015416915,0.09566260607899782,0.5161772095785302,-1.203541652862851
10,0.5167612994508161,0.11121620607667124,-0.0610881239006991,-1.1509146742946055
10,0.3981550636507617,0.10607327396910034,0.16819772574954422,-1.2060734010086132
10,0.04125093167053375,0.05615180398491939,0.6000439631036597,-1.1599470021445362
10,0.005512859865807716,0.029342211577522703,0.7206621205586204,-1.1533180475839109
10,0.16331962415485118,0.01878447021172323,0.5365670454832235,-1.2295850701510511
10,0.09954202269671014,0.026248101137703934,0.632629221469376,-1.1993967897097302
10,0.26798556365992354,0.03139799255800512,0.44630578097870327,-1.2298776588627565
10,0.272727381159748,0.06756414895397973,0.41641219554609105,-1.2318628719214448
10,0.07664226853881953,-0.016825869074204462,0.6020781013641048,-1.1833816309418845
10,0.35019807850001944,0.023412413177264238,0.3029033646096546,-1.2166793656720412
10,0.19955643416123278,0.036772437802398625,0.48552747531307244,-1.2211594076925905
10,-0.04205902933487948,-0.012339896088358365,0.6539034801617387,-1.1036153872924401
10,0.17193842541094148,0.037693850807868856,0.5422127553109235,-1.209450741204461
10,0.14176921414839283,0.0076518896144144154,0.5197166289866056,-1.206222003617169
10,0.22552663026331707,14.124584357995678,0.45284713174389324,-0.7411712074681914
10,0.3692170668298795,0.13642515655613652,0.23370903000274668,-1.2134064690887487
10,0.19628473196955334,0.04364406319213564,0.45213599004533755,-1.2194896344043995
10,0.2726487530884148,0.08231418030841338,0.3476317837605685,-1.228024691323831
10,0.13359282523946037,0.08876035971324803,0.47377260325598886,-1.2066930929181228
10,0.2672840193639894,-0.002407101005725202,0.3606754908365909,-1.226631072502474
10,0.33276885101842063,0.00929567928127289,0.2876675337794932,-1.219540776025568
10,0.2170666159884647,0.0022106349678115474,0.3945090374398833,-1.2262285363778966
10,0.19135391593903614,0.02760748689099062,0.44166106334787947,-1.2178245804963865
5,0.3837818402044765,0.5284701519872953,1.5019853716031757,-1.127708607522566
5,0.809380131863138,1.079796185552368,1.088276233204503,-1.1046977456309237
5,0.7257443123570976,0.8485516782012021,1.1881771482917818,-1.1152801776901933
5,0.33774745322552213,0.4671576789264267,1.5179089557383547,-1.127013714154521
5,0.8345952793603929,0.5436414537389934,1.0892913412282768,-1.0915064093466837
5,1.1721371099487743,2.5835213325413866,0.5128358981427964,-0.9687613490844739
5,0.3931632392007046,0.8447890097851084,1.518377385935299,-1.1260461897805927
5,0.867863178039601,5.149843062356793,1.0042038584443282,-1.0363438505474087
5,0.5304757370236197,1.393320183357758,1.4072197094802115,-1.1289499588216052
5,0.8223173837047109,1.2386411067551928,1.0707579849327618,-1.1013939480379082
5,0.4374009319762649,0.41476843664813956,1.4765277675634854,-1.1310436790463538
5,0.4681223107082581,0.6337023837338751,1.4573227400707218,-1.1346535162275497
5,0.8440674180625344,0.7240597804510602,1.0734902046472294,-1.088811308921891
5,0.3802008936131368,0.5656574715378722,1.4921979187918741,-1.1276397071438327
5,0.6187799988356026,0.6391292558008356,1.328096070420311,-1.129213086770399
5,0.29925711376792963,0.5090880020796827,1.5364648621708248,-1.1109930258676652
5,0.8532983296238976,0.8915059482341522,1.0540453633299296,-1.0797179248946132
5,0.556272603178037,0.5165210120296507,1.388909225947188,-1.1287570171861976
5,0.9278109665809876,0.7821519475346036,0.9532674041826776,-1.0627227424680072
5,0.6838788790713656,0.5369433472133278,1.2780957728309739,-1.1135434972219818
5,0.4730769147695184,0.7200841570654241,1.4491360882620747,-1.1351886193555538
5,0.7638991130113312,0.7500194087970162,1.1594432753178567,-1.1094918257531983
5,0.2922860050942761,0.5153291137360693,1.529542756637917,-1.1110644338189728
5,0.8466205266188954,0.6327136973720137,1.049526580814576,-1.0915362944680307
5,0.9138899708585833,0.786846699902354,0.9596057623198839,-1.0726233719740044
5,0.9053808646918944,0.7249635631976143,0.9739743908432817,-1.0766000863118368
5,1.0862796684699834,0.7927245354342274,0.6743927581343547,-1.0087809471539695
5,0.6034810232755468,0.8008451254819331,1.3072469733968481,-1.1338953291558609
5,0.6235096746844044,0.6531184022967745,1.3110403224563558,-1.1304252987901906
5,0.8492233123877232,0.7105577858462311,1.0427334529580665,-1.0920735579662526
5,0.7703539388726421,0.6489168332244999,1.1499598612737003,-1.1083490027673084
5,0.5961728749764055,0.5526124718023218,1.3615744032095363,-1.1276343062182879
5,0.7265804954062155,1.663884343680014,1.1680464992526431,-1.1218056402299066
5,1.100427798613376,0.8995959173058453,0.6577478697331616,-1.0058463542593132
5,0.45923229588525377,1.2377656252137414,1.4731330353810965,-1.124390471758164
5,1.4687434466589344,1.6837967932176632,-0.18408097946324775,-0.896249268564828
5,1.2966678711191133,1.5087297140408893,0.2429844839725042,-0.9368146944573374
5,0.6183574273569888,0.6934967987112097,1.3164121086608036,-1.1291532650903195
5,1.050945107702834,0.5918861933093935,0.7103097449037615,-1.0317216998883039
5,0.8496434375262666,0.7447887893490458,1.0612694275117964,-1.0879027446518243
5,0.7213612813954083,0.7212574971917253,1.195327818452865,-1.1215892431464198
5,0.3847709270120871,0.6741986245105409,1.4864330005990583,-1.1281655515423317
5,0.5775701096475541,0.7404095258250617,1.3689860298889602,-1.130151986238941
5,0.8461975349100855,1.022653268725215,1.0536809907865352,-1.0924540788895625
5,0.3444645027291951,0.5589686440958467,1.5467378207761222,-1.1173207630950603
5,0.6430845375143672,0.8332012901352486,1.3164005489990418,-1.1230591050333816
5,0.6395018499693579,1.0047942803971381,1.3203266530639932,-1.1264292568545164
5,0.7491674181995576,0.8026364525786703,1.1893026681609775,-1.1112086899683995
5,0.5549602092674184,0.8352394408568147,1.3711748109656154,-1.1306723782745094
5,0.45968839573022724,0.7300452533531598,1.4202191131435193,-1.1385770185894215
9,-0.1584977027752666,1.2556547705636492,1.021501935002567,-0.652321687237846
9,-0.06134869093568707,0.5048521003979394,1.2792549885450186,-0.8884161905133818
9,-0.17182844016259496,0.444266643540279,1.0137803396668412,-0.6891598315372576
9,-0.055584228245449695,0.4400154313705293,1.1972765580303573,-0.8957987284996364
9,-0.15257448312023403,0.4741179195649275,1.0894018772598595,-0.7280183206300908
9,-0.040841052144390044,0.4357786017804223,1.2162255550558099,-0.9162387498320509
9,-0.09887838416501157,0.4074945629826007,1.168679476112088,-0.8366072592749443
9,-0.061247415458428725,0.45849426248577074,1.1679103705231764,-0.8860377257783141
9,-0.08405312810172225,0.45148948224579677,1.148348690726654,-0.8500438361569486
9,-0.037033751559569214,0.44746143203759386,1.1811875889760954,-0.9181686034039073
9,-0.07085630907295591,0.44541400223238764,1.1600544057619215,-0.8707802782863355
9,-0.10127105483579299,0.43523484747910773,1.1353791020906838,-0.8344693929135418
9,-0.13708218666175406,0.4388267807562222,1.1185660138841063,-0.7624914382115633
9,-0.1741017954741286,0.4506710670687329,1.010242244911143,-0.6811188178523444
9,0.0788688132081527,0.45561078724458387,1.3911571506827232,-1.0262678838514108
9,-0.08193258649935357,0.4362434838707955,1.1328430965096128,-0.8538276474374132
9,-0.07891120643055373,0.45493944554321675,1.1624181547897021,-0.8566921697528016
9,-0.11540387659347061,0.4088525568733413,1.082984940329674,-0.8109587139407869
9,0.6085618915025115,0.4721939015721359,1.346905471852652,-1.1277154744136155
9,-0.06692703667371912,0.4249902751861644,1.1928503459487183,-0.8758030104493443
9,-0.1331378760247857,0.4922886851033144,1.0635171245727044,-0.7625310064208506
9,-0.0021363802785691176,0.43052803230262504,1.1495468905462112,-0.9617297941025388
9,-0.11091715383089566,0.48652451834603333,1.1191904736427185,-0.8063055979752264
9,-0.17560018627118212,0.46767591574773093,1.0294343570432276,-0.6756082406598465
9,-0.062393173088075383,0.4440137885110839,1.194381447468861,-0.880477897288588
9,0.04684550129577934,0.5024794387111449,1.395502051875855,-0.9958219149648798
9,-0.03099232715366428,0.45499651190760404,1.1803317600518526,-0.9222594958796219
9,-0.08828682726158563,0.48287041520852936,1.120873268557762,-0.8423344264411269
9,-0.13509188640373143,0.5496171836032708,1.0586468538280949,-0.7562147011525249
9,0.004234114387319033,0.4718329452185325,1.2280004831777942,-0.9631453123910446
9,-0.09034988737641739,0.45854668930833753,1.1143826995833197,-0.8476100119350486
9,-0.010952164439077797,0.4279057632659095,1.1930338827449098,-0.9499679927945276
9,-0.047200350677196544,0.4514588612697842,1.1443661957960445,-0.9042874917715432
9,-0.039275994828370665,0.47713965315235307,1.1952296078976996,-0.9131386057101062
9,-0.09440594922910386,0.4383271021021983,1.1110006136915955,-0.8352102198674088
9,-0.0359480268150786,0.9426606084341135,1.19406996788094,-0.9149009019966148
9,-0.12545903966802696,0.4708071425221106,1.0749085658314423,-0.7864444015490344
9,-0.2098507332310679,0.4470081488017709,0.9450308088398658,-0.5951153667751098
9,-0.14837242129084796,0.5018011376970476,1.0544313960094636,-0.735392988696266
9,-0.1140889312852328,0.42015262493035516,1.1873846439604858,-0.8030751243761521
9,-0.06252440497502658,0.42523895462772116,1.168381274094481,-0.8819045131931535
9,-0.038622221700799535,0.4375597218851551,1.1926738463682818,-0.9180893255325205
9,-0.11614531274159103,0.4343324565950997,1.1242119306887406,-0.8011087116820974
9,-0.09668721387325675,0.4117847473036388,1.1306786352226974,-0.8339149107503097
9,-0.15131089594524724,0.44430375987483994,1.0392089048426962,-0.730464322653159
9,-0.0062690891173784935,0.45024051758782846,1.190749612859771,-0.9563681281429134
9,-0.09273847581100815,0.4389460169809986,1.088412662050525,-0.8484863764013919
9,-0.16683589531791607,0.4397491216700562,1.0261797378962842,-0.6990195554619272
9,-0.05143477023168173,0.4371449468464391,1.17313745915309,-0.8967923059096441
9,-0.0931741644750285,0.4758892966318383,1.17306505862159,-0.8324083868663774
0,3.256506647777789,1.2515524876863244,-2.8273309654946033,-1.780798246041086
0,2.8177686733888088,1.2134330841840912,-2.6493500821880844,-1.5633158594254357
0,3.1656519788892767,1.3189975071249893,-2.796352324183385,-1.7385168818063255
0,2.776744405881663,1.2513534513422426,-2.6263668253008388,-1.5395879475116694
0,3.0647176234926223,1.2752767847833604,-2.7603318075516103,-1.691270793920775
0,2.4004328127717294,1.2599031990083067,-2.293404170008188,-1.286824374837649
0,3.181678252852999,1.2348519929507242,-2.8022641959993155,-1.7463900167222277
0,2.2027860346927928,2.6815079918275297,-1.9909728374770754,-1.1154236494194814
0,3.6474288943948,1.1454702918783042,-2.9574678886540413,-1.966146887396866
0,4.0686959184469975,-0.35396931033149664,-3.176851672015802,-2.2859867019200943
0,1.6001490237551368,0.6019205943578867,-0.6929148332210752,-0.9406754432081198
0,3.0420876721288446,1.2538838574509201,-2.7511233106199895,-1.6795093398151202
0,1.8970305211944098,0.7848795341706354,-1.400354387103243,-0.9840372625980764
0,3.9372945286445353,0.849549643646704,-3.0583962268926643,-2.131684522355979
0,3.5435132759048513,1.222980333341475,-2.9230744177001466,-1.9155621916672296
0,3.8161857169692,1.2129839765359067,-3.0126558768139136,-2.054888299100894
0,3.269032089035412,1.250363837072017,-2.8320124008335115,-1.786852516405073
0,4.068514003796754,-0.48032862366422524,-3.1757918259277527,-2.284398714075864
0,3.9102030383135062,0.9682671676475605,-3.0469554009374824,-2.1119817016417084
0,4.068979603845802,-0.4685302688157335,-3.176882842742057,-2.2861093543673423
0,2.525991021763294,1.2958517608929188,-2.4347372102937843,-1.3778792601393581
0,1.8284788195524517,0.7334817619793014,-1.2397019749177152,-0.9626253575732586
0,2.655339752148278,1.2129106717751492,-2.545779993852829,-1.4654172813353177
0,2.0926734315832785,1.031662331031468,-1.8087808842629252,-1.0761338064064867
0,2.4049189802301165,1.3697002759516737,-2.2990818681210325,-1.288262499857363
0,2.6317069514379674,1.2564750415574413,-2.5277323296305507,-1.4501950298748048
0,3.300136162402054,1.2432954951091082,-2.841898436758459,-1.8011010967240142
0,3.433380366671932,1.2390136619633458,-2.88648438333688,-1.8633948833002154
0,2.7425234101094946,1.185673777566122,-2.606191696918591,-1.5194057303585837
0,2.8751533578984554,1.346403280656268,-2.6794250518567746,-1.5946388743236763
0,2.4847261724688843,1.2837866323897718,-2.392431176736043,-1.3483305907353293
0,2.6608430717880864,1.218903567944161,-2.5501514708842814,-1.4687801033289276
0,2.925954415991689,1.1668984797285773,-2.7035923720389876,-1.6216595119330914
0,2.341175567500072,1.1878803436557577,-2.2192546627183596,-1.2457537437978288
0,3.972345479053986,0.6237988177647084,-3.0768107163350042,-2.16161474143104
0,2.8600266166859125,1.2186938606538926,-2.6714595135066803,-1.5863146721093746
0,3.738869724373976,1.0662004722027727,-2.987979176048371,-2.0120334080106836
0,3.265058287243611,1.2231417893968142,-2.8306911014824805,-1.7852638727341696
0,2.541909986944799,1.2115058185120253,-2.4500532550347027,-1.3891078615026524
0,3.678683530237413,1.151731353564517,-2.967901999500122,-1.9808398095759687
0,2.47525946674285,1.2166167377810377,-2.3828909268258203,-1.342702504834197
0,2.6661260107064866,1.2453146237092119,-2.554186631095738,-1.471985038265784
0,3.9405209810490285,0.8584311185529045,-3.0603830295283125,-2.1351604937397477
0,2.527576250128726,1.3182370862206767,-2.434176416640059,-1.3773328793644433
0,3.345561380687108,1.2580608369515482,-2.8572125462650453,-1.8221870301735228
0,3.1446391633693915,1.3019156420517781,-2.788845591602806,-1.7285860842733582
0,2.080023362056071,0.9717537833253588,-1.7795389760557416,-1.0681477278499698
0,2.9860918334090627,1.253572544194792,-2.7290858348324867,-1.6522067738922768
0,3.1330209540804685,1.9018199982441149,-2.7847409802811587,-1.722296243540201
0,2.960417824554117,1.1934876938995196,-2.7187901087644533,-1.639652168151705
4,-0.5520785807525214,-0.7204003232822961,-0.42632503401809363,1.3317133009959246
4,-0.5510866423828659,-0.7222589237354246,-0.44514173138735685,1.1787317377428883
4,-0.5528641560794527,-0.7478102724012127,-0.4527984705008254,1.2258195785099828
4,-0.5484390570734906,-0.7651449925036192,-0.3589469013090149,1.0047620620894333
4,-0.5507055686361163,-0.7574874287295588,-0.4184785591492614,1.1292692771853403
4,-0.5428239562015216,-0.1329726229525484,-0.45712776563313645,1.0224597891952725
4,-0.5535025757966452,-0.7594680491325557,-0.4892439418245665,1.2551114724824053
4,-0.5498336510121091,-0.7539590571753795,-0.3812957531959719,1.0956935105237557
4,-0.5513495714116283,-0.7569687279540727,-0.4588968078365621,1.1571972574269014
4,-0.5521889812283235,-0.7611897831019916,-0.4573290920968023,1.1790874658460795
4,-0.5417810349041473,-0.08470329381050214,-0.44591533872458233,1.016943978248735
4,-0.5502953939482873,-0.7626396399207701,-0.4132430569069816,1.0949888826303842
4,-0.5529307775737548,-0.7570856444079389,-0.4750465246209427,1.2364678118454702
4,-0.5512226468841871,-0.7567724753350827,-0.44562381171309595,1.1504912239431464
4,-0.5513614429146679,-0.7564894632840572,-0.46758515103544157,1.1554893561762343
4,-0.5492522325193725,-0.7621446008085664,-0.4268721464964841,1.0405522339429953
4,-0.5514060923730029,-0.7607801115592775,-0.47145357062889753,1.1471100516620318
4,-0.5512065280545226,-0.757901275859911,-0.4500257247026878,1.1481068053306336
4,-0.5458298027612873,-0.7260174165638805,-0.49075839205037175,0.9419506353778228
4,-0.553449806890593,-0.7563043455654356,-0.47223366669300304,1.2650563895778681
4,-0.5484431693261237,-0.758156914614198,-0.4611800945812655,1.0116234879167139
4,-0.5529058189017511,-0.759174366135344,-0.4748214579029518,1.2261361113249358
4,-0.5516104743305167,-0.7565173005349778,-0.42997243329261753,1.1752756469088619
4,-0.5531072292314498,-0.759685643643918,-0.4359348178292809,1.2403242141371236
4,-0.5508512834566115,-0.7578456013580698,-0.4383592628429467,1.1151119596487564
4,-0.5497754941546142,-0.7603082701561742,-0.4484068235671584,1.0714949079487777
4,-0.5412371969975183,-0.31977171152978656,-0.3773449671316449,0.9323140854122637
4,-0.5187022926991638,1.2296385398074878,-0.4970834415707244,0.7426458095246088
4,-0.548744624458935,-0.5192659783893403,-0.45163403896804516,1.131717735343597
4,-0.5507076547788755,-0.7546322546934747,-0.4526353933745564,1.1277224135313286
4,-0.5491714282559523,-0.7330509619631387,-0.4368343085377429,1.148232171100001
4,-0.5507114968835255,-0.744166376255713,-0.4512630121162236,1.1423086417122326
4,-0.5387369774129799,0.19383438308376263,-0.47043101143550176,0.9484682279974568
4,-0.5358985625699144,-0.0181527780347505,-0.44877149622710716,0.8586017906431429
4,-0.5485047030334087,-0.7557123400291919,-0.3767870194107618,1.0309682658454167
4,-0.5504473221723961,-0.7565813262120951,-0.4508537048804654,1.1153741488652529
4,-0.5517065569632091,-0.7576177998547033,-0.443069157510275,1.1740837269379023
4,-0.549831309729588,-0.7582557368549658,-0.42868796548698535,1.0844061162281047
4,-0.5499245558084568,-0.7578567362584381,-0.4377186278369453,1.0883223659185306
4,-0.5479633114668497,-0.756987750075535,-0.4142879799580921,0.990841215076277
4,-0.5510469006128925,-0.7575417113688538,-0.4565487166138358,1.1420495901762895
4,-0.5501292079139539,-0.7547241176215125,-0.46625541737435144,1.1000737382965025
4,-0.5497381236836045,-0.7132855859011863,-0.42117583080842985,1.1271420326441752
4,-0.5509832657546272,-0.7575212973848455,-0.46203349152653356,1.1358845622605993
4,-0.5492431825619352,-0.757495779904835,-0.44356317005625673,1.0535010686702833
4,-0.5486208366497431,-0.7545608057494453,-0.45104533447477474,1.0267708594023552
4,-0.5503727463208109,-0.7571301840094118,-0.4441988893600765,1.107027661403407
4,-0.551007819204656,-0.7606311822668526,-0.46119751169025824,1.1253662854811917
4,-0.5524426802009931,-0.7586046303998368,-0.4748016088149849,1.202254607376158
4,-0.5521064210030124,-0.7565094133138835,-0.4664558227906608,1.194950241357488
11,-0.2883672634636438,0.024901242147331342,1.2321931424871497,-0.5862868724271012
11,-0.28642742084559486,0.05228984937387547,1.23530017673133,-0.5958833526688581
11,-0.2542922076352905,0.023001813726186197,1.3279142825792118,-0.69678043460591
11,-0.27732618031616885,0.023554847111140916,1.2589322338646227,-0.6331630612095799
11,-0.2616603588031452,0.03317354521255404,1.2733598715118932,-0.669839447788931
11,-0.28503678907739644,0.039554307077725226,1.211684801938916,-0.5988683542019305
11,-0.28845876858884295,0.03739320849792684,1.1967172235640167,-0.5890358149358352
11,-0.29354556506321694,0.05760398057460795,1.1522672090869759,-0.5688900154521358
11,-0.25862449580080143,0.0021637755954287442,1.2973501436247945,-0.6889629292231175
11,-0.27903220985475613,0.01929435585775128,1.233548054892256,-0.628119188280868
11,-0.2997752525969714,0.04244613349418805,1.1517855116685647,-0.5475503156581106
11,-0.2751444051709409,0.02369542522828973,1.230226209637162,-0.6314893915393889
11,-0.2695186034371929,0.020571157766640348,1.244242729000502,-0.6498536957322031
11,-0.3033817581891664,0.03173946283596377,1.136074482495718,-0.5342840222429196
11,-0.29025261123019225,0.04184020933248416,1.1879396940042932,-0.5865422590492816
11,-0.2750478422751673,0.06176936122068588,1.2579287268979977,-0.6263760395613496
11,-0.27678797049252324,0.018996033318719296,1.2279951328240508,-0.6301704983807451
11,-0.3156089110486702,0.02940670120882203,1.0996349203634423,-0.4871271396442804
11,-0.30515088229005266,0.04396975902790603,1.1288109685102388,-0.5285615615975688
11,-0.2906788597230218,0.04211904579587176,1.1938497444232044,-0.5751993252359469
11,-0.28885803229979484,0.02813593070429892,1.1859148490081828,-0.5846290068938014
11,-0.2894731292411042,0.04501875943342861,1.1926041572346164,-0.5800788685752912
11,-0.29462983401024245,0.03969302937814597,1.171771908133578,-0.5622125425770351
11,-0.3004200808246543,0.04613178551606855,1.1507688306200934,-0.5427643240648066
11,-0.29432809372122665,0.030078970818553107,1.161771000010281,-0.5659491857744106
11,-0.2486095097346358,0.03246787090171818,1.3032622534641984,-0.7066303725678669
11,-0.26002899516547084,0.06611150841010921,1.242110121463724,-0.6771618426114425
11,-0.31606289473444193,0.0273676225788918,1.0919793610184967,-0.48259172527755234
11,-0.29367942338889375,0.02431387615290791,1.1829803817826932,-0.5673956436506791
11,-0.2783549938855315,0.024359343662744816,1.2299235369177814,-0.6237175111181016
11,-0.33739639091861,0.04892571760012747,0.9539520735313797,-0.39471298283580847
11,-0.3008740945268686,0.03622543582180987,1.1352910023587426,-0.5458729553554643
11,-0.2826309411883234,0.020288145715614856,1.2074441343297275,-0.6163209693034705
11,-0.322117046112,0.035536927815708365,1.0826153002233099,-0.45693797190804847
11,-0.26090724625886197,0.02869313967689194,1.2618530509613175,-0.6715094782640528
11,-0.2299095511647166,0.02366573216064108,1.343412529115098,-0.7526324601289927
11,-0.29616537015498634,0.03315823472454755,1.1425798192743992,-0.5600913547880882
11,-0.26636339505915885,0.3269242797348977,1.2074237367528855,-0.6552229744249772
11,-0.27902203428072214,0.01999585458094904,1.240850946239422,-0.6159669643527154
11,-0.2281526737724022,0.02617433242276448,1.3246836417100685,-0.7613092399065837
11,-0.2669235168858865,0.05441475952747728,1.2443547759637033,-0.6491214588218215
11,-0.3019400234274789,0.024572762586468948,1.1415120045743925,-0.5482744254614825
11,-0.33270039351838093,0.01705160134191921,0.9977868490722162,-0.4256702393405609
11,-0.28002686471246485,0.013897640812621181,1.1533747944048443,-0.6321415661582455
11,-0.27102653946298627,0.019699387858645123,1.2457807228525455,-0.6448060035775702
11,-0.2828466543529105,0.8358722743610753,1.1841865191676673,-0.5928227896155476
11,-0.3092695284255143,0.03758714134600658,1.0921112570696647,-0.5146744189316799
11,-0.27905239591238984,0.025171263481260774,1.219121048524634,-0.6188048549614301
11,-0.2681147494260389,0.037635856535117654,1.2399355493535855,-0.6565998375177996
11,-0.27546721700264654,0.04250273590439335,1.2360847124506695,-0.6302697468173005
