SBD,polymer,mean(ni),standard_deviation(ni),mean(nd),standard_deviation(nd)
PA_M01,PA,0.00947519,0.002825225,0.306573748,0.20587712
PA_M02,PA,0.007283538,0.002846522,0.270347879,0.248428772
PA_M03,PA,0.007002271,0.002757011,0.28032811,0.252102537
PA_M04,PA,0.010158765,0.00280925,0.322331072,0.195420091
PA_M05,PA,0.009122479,0.003178087,0.301877688,0.21296183
PA_M06,PA,0.00888133,0.002826924,0.297296336,0.214929669
PA_M07,PA,0.008950792,0.002825076,0.2978983,0.213915258
PA_M08,PA,0.009183497,0.002834403,0.30631239,0.210462213
PA_M09,PA,0.008366813,0.002832701,0.288099729,0.224331999
PA_M10,PA,0.009591451,0.002861152,0.309343663,0.203402684
PA_M11,PA,0.009857759,0.002897799,0.316661761,0.200967827
PA_M12,PA,0.008579586,0.00282537,0.291886345,0.219754398
PA_M13,PA,0.009062446,0.002835256,0.299150915,0.212098137
PA_M14,PA,0.009336638,0.003155572,0.3021163,0.21283302
PA_M15,PA,0.008498244,0.002826979,0.290888096,0.221843502
PA_M16,PA,0.013106986,0.007475925,0.343339707,0.186251091
PA_M17,PA,0.009978751,0.003407984,0.313045216,0.203303471
PA_M18,PA,0.009355728,0.002825723,0.305730462,0.207400289
PA_M19,PA,0.009571365,0.00280649,0.309571996,0.204211651
PA_M20,PA,0.008881239,0.002825841,0.298491987,0.215192129
PA_M21,PA,0.009470547,0.00282366,0.308728033,0.205726804
PA_M22,PA,0.008456022,0.003065333,0.291393468,0.225991932
PA_M23,PA,0.00940918,0.002802188,0.312555657,0.206375872
PA_M24,PA,0.012875912,0.00680468,0.342062515,0.189543051
PA_M25,PA,0.013836868,0.007766529,0.353879674,0.177862506
PA_M26,PA,0.008106049,0.003071631,0.287221409,0.240203171
PA_M27,PA,0.011158626,0.003288039,0.34815245,0.190146853
PA_M28,PA,0.009364209,0.002983345,0.307939038,0.208688255
PA_M29,PA,0.009544027,0.00322337,0.309840975,0.208668171
PA_M30,PA,0.008631453,0.002816375,0.294885155,0.218754092
PA_M31,PA,0.009375644,0.002902453,0.30835543,0.2080837
PA_M32,PA,0.009212963,0.002867013,0.302884602,0.209433573
PA_M33,PA,0.009346872,0.002875283,0.306804196,0.206927085
PA_M34,PA,0.009066112,0.002814378,0.302187062,0.210869761
PA_M35,PA,0.009262308,0.003023683,0.303630357,0.209866618
PA_M36,PA,0.008886414,0.002810412,0.297862776,0.213930215
PA_M37,PA,0.013916304,0.017595336,0.322772229,0.203263375
PA_M38,PA,0.010134652,0.004646408,0.312353987,0.202619058
PA_M39,PA,0.011455121,0.005882424,0.324663764,0.202015561
PA_M40,PA,0.011296811,0.005143642,0.333194953,0.193285358
PA_M41,PA,0.011119869,0.00371612,0.326275508,0.189495066
PA_M42,PA,0.009604946,0.003217615,0.308923218,0.207589846
PA_M43,PA,0.010135677,0.002805959,0.31904302,0.195935576
PA_M44,PA,0.008844282,0.002840853,0.298080664,0.215798921
PA_M45,PA,0.009330403,0.00280713,0.306317706,0.206828819
PA_M46,PA,0.009519608,0.003572487,0.308434564,0.212256658
PA_M47,PA,0.010218306,0.002980549,0.31980595,0.196375412
PA_M48,PA,0.00928668,0.002807149,0.304515076,0.207152389
PA_M49,PA,0.008249127,0.002829101,0.286547738,0.226291289
PA_M50,PA,0.009809323,0.003600217,0.313483404,0.203071414
PC_M01,PC,0.003983757,0.001634235,0.293564221,0.261815054
PC_M02,PC,0.003988698,0.001643025,0.29155371,0.262402019
PC_M03,PC,0.003972102,0.001630718,0.293584632,0.262601536
PC_M04,PC,0.003806361,0.001637901,0.286501659,0.271686346
PC_M05,PC,0.004162345,0.001638438,0.292847959,0.253455993
PC_M06,PC,0.003996741,0.001637044,0.292460998,0.261800408
PC_M07,PC,0.004040744,0.001634214,0.294507487,0.259480561
PC_M08,PC,0.004068026,0.001982937,0.293710749,0.262037412
PC_M09,PC,0.004188757,0.001657685,0.298883227,0.254800388
PC_M10,PC,0.003974184,0.001635211,0.292898007,0.263313192
PC_M11,PC,0.003617596,0.001642977,0.28200587,0.282722672
PC_M12,PC,0.004267961,0.001629559,0.30275033,0.249128696
PC_M13,PC,0.004159244,0.001624918,0.298561389,0.252898894
PC_M14,PC,0.004520115,0.001637398,0.313558641,0.238980124
PC_M15,PC,0.004233781,0.001630607,0.301344594,0.250399882
PC_M16,PC,0.004141555,0.00163097,0.298475604,0.254620568
PC_M17,PC,0.0039465,0.001631011,0.291447322,0.26354449
PC_M18,PC,0.004095866,0.001636121,0.296815538,0.256940164
PC_M19,PC,0.003845722,0.001637603,0.287772875,0.269398804
PC_M20,PC,0.003918972,0.001636005,0.291189303,0.265567298
PC_M21,PC,0.004238616,0.001631264,0.3019273,0.250401783
PC_M22,PC,0.003942097,0.001631066,0.291907753,0.263647226
PC_M23,PC,0.004135303,0.001631344,0.298009498,0.254958943
PC_M24,PC,0.004076739,0.001633408,0.296227155,0.257998728
PC_M25,PC,0.004040928,0.001631546,0.294975057,0.259085224
PC_M26,PC,0.004371566,0.001622414,0.308358305,0.244911249
PC_M27,PC,0.004177279,0.00163155,0.29919557,0.252900515
PC_M28,PC,0.003917727,0.001636888,0.290058546,0.26572876
PC_M29,PC,0.003932274,0.001636094,0.291742013,0.265054923
PC_M30,PC,0.0040502,0.001631534,0.296006062,0.258927011
PC_M31,PC,0.004093689,0.001635863,0.297128832,0.256942553
PC_M32,PC,0.003884228,0.001637779,0.289653725,0.267514425
PC_M33,PC,0.005496345,0.001610884,0.357320844,0.20775355
PC_M34,PC,0.003996203,0.001633244,0.294723367,0.261707367
PC_M35,PC,0.004067261,0.001635653,0.29562753,0.258416976
PC_M36,PC,0.004558005,0.001633759,0.316951131,0.237722836
PC_M37,PC,0.004617187,0.001625158,0.322626148,0.235665419
PC_M38,PC,0.005303268,0.001603842,0.354322437,0.211655066
PC_M39,PC,0.005595552,0.001616797,0.36032112,0.205535808
PC_M40,PC,0.004627419,0.001621443,0.320381282,0.234690394
PC_M41,PC,0.004867645,0.001685204,0.330160899,0.226429255
PC_M42,PC,0.00414859,0.001687293,0.298218266,0.25663981
PC_M43,PC,0.004084651,0.00163129,0.296814475,0.256918769
PC_M44,PC,0.0039649,0.001637517,0.292130841,0.263153344
PC_M45,PC,0.003937602,0.001629927,0.29199768,0.263879148
PC_M46,PC,0.004030423,0.001636274,0.289073225,0.259232526
PC_M47,PC,0.005604169,0.001613387,0.361886996,0.205194326
PC_M48,PC,0.005158034,0.001619892,0.340817445,0.217318512
PC_M49,PC,0.00436865,0.001626704,0.311101868,0.244937914
PC_M50,PC,0.004077911,0.001634015,0.295983452,0.2576677
PE_M01,PE,0.004162153,0.001631458,0.278322775,0.25150465
PE_M02,PE,0.003948953,0.001642541,0.275105139,0.262514531
PE_M03,PE,0.003807969,0.001642301,0.267380544,0.269613613
PE_M04,PE,0.003706617,0.001642056,0.265026766,0.275243872
PE_M05,PE,0.00397157,0.002172797,0.269485564,0.270239036
PE_M06,PE,0.007883698,0.011905303,0.271762984,0.248307622
PE_M07,PE,0.004018503,0.001746791,0.273159771,0.260589944
PE_M08,PE,0.003683065,0.001640828,0.264309224,0.276407259
PE_M09,PE,0.003846871,0.001635634,0.264386154,0.266751486
PE_M10,PE,0.003916938,0.001637702,0.265712126,0.263033167
PE_M11,PE,0.004213743,0.001629815,0.269837693,0.247851801
PE_M12,PE,0.003834694,0.001694069,0.268235874,0.270020554
PE_M13,PE,0.003740283,0.001639679,0.264183574,0.272752335
PE_M14,PE,0.003885548,0.001661999,0.269911781,0.268119492
PE_M15,PE,0.003808009,0.001663684,0.267982052,0.273811134
PE_M16,PE,0.003916166,0.001637472,0.266429924,0.263212424
PE_M17,PE,0.003765547,0.001638634,0.265859696,0.271422092
PE_M18,PE,0.00369014,0.001643526,0.265212489,0.276134201
PE_M19,PE,0.004111578,0.001641226,0.275388261,0.253662359
PE_M20,PE,0.003752214,0.001636966,0.265349609,0.271678062
PE_M21,PE,0.003765829,0.001642746,0.267013143,0.271463528
PE_M22,PE,0.003904277,0.001630905,0.267416763,0.262891577
PE_M23,PE,0.003720827,0.001639242,0.265637311,0.273951233
PE_M24,PE,0.003932667,0.001634054,0.277302718,0.26286284
PE_M25,PE,0.003574927,0.001628329,0.26327021,0.280830143
PE_M26,PE,0.003796605,0.001684105,0.265642894,0.274671011
PE_M27,PE,0.003921093,0.001639248,0.274872058,0.264012414
PE_M28,PE,0.004191824,0.001619961,0.280305286,0.248647161
PE_M29,PE,0.003899454,0.001670031,0.268813482,0.265515101
PE_M30,PE,0.003869957,0.001616117,0.271532531,0.262980543
PE_M31,PE,0.003708515,0.001638703,0.266544675,0.274824146
PE_M32,PE,0.003872097,0.001641206,0.267966502,0.265882096
PE_M33,PE,0.003766899,0.001638971,0.266521637,0.271348913
PE_M34,PE,0.004006799,0.001669108,0.2724656,0.259792645
PE_M35,PE,0.004404193,0.001660462,0.288358914,0.244810724
PE_M36,PE,0.003859176,0.001635807,0.268090036,0.265943122
PE_M37,PE,0.003670552,0.001641336,0.261725691,0.276662357
PE_M38,PE,0.003772961,0.001636459,0.264892437,0.270677132
PE_M39,PE,0.003970745,0.001816585,0.269750811,0.263770426
PE_M40,PE,0.003721951,0.001627887,0.264144939,0.272031754
PE_M41,PE,0.003729016,0.00165551,0.264813437,0.27461422
PE_M42,PE,0.003670807,0.001641803,0.265909715,0.277166839
PE_M43,PE,0.004284732,0.002336908,0.272135837,0.256122969
PE_M44,PE,0.004420685,0.00300939,0.272699495,0.257867859
PE_M45,PE,0.00378036,0.001635731,0.265257616,0.270147578
PE_M46,PE,0.00369431,0.001638371,0.26425501,0.275261477
PE_M47,PE,0.003791077,0.001637603,0.265540688,0.269763746
PE_M48,PE,0.003881202,0.001726561,0.271355047,0.266676428
PE_M49,PE,0.003800545,0.001633054,0.26729746,0.268816591
PE_M50,PE,0.003980372,0.001830364,0.268127323,0.26285326
PP_M01,PP,0.003641827,0.001725476,0.275631714,0.28976747
PP_M02,PP,0.003872451,0.001644808,0.284443779,0.268252448
PP_M03,PP,0.00380113,0.001641631,0.282684266,0.271931835
PP_M04,PP,0.003811202,0.001642102,0.284807128,0.271821211
PP_M05,PP,0.004016634,0.001637772,0.290881755,0.260732829
PP_M06,PP,0.003863741,0.001639167,0.285584933,0.268319071
PP_M07,PP,0.003839661,0.001638893,0.28420962,0.26939743
PP_M08,PP,0.004000979,0.001624069,0.290489433,0.259312114
PP_M09,PP,0.003766972,0.001650211,0.283425765,0.271952102
PP_M10,PP,0.003682575,0.001650529,0.278104568,0.278294708
PP_M11,PP,0.00402375,0.00168045,0.29021836,0.261092629
PP_M12,PP,0.003950679,0.001701045,0.284962977,0.265529696
PP_M13,PP,0.00399662,0.001706498,0.288110892,0.2656654
PP_M14,PP,0.003903749,0.001640146,0.284698445,0.266035754
PP_M15,PP,0.003910547,0.001673539,0.28714711,0.267019253
PP_M16,PP,0.003999253,0.001685822,0.286994721,0.263680673
PP_M17,PP,0.003706373,0.001643672,0.276244981,0.276427641
PP_M18,PP,0.00387047,0.001802116,0.282892624,0.272737798
PP_M19,PP,0.00368071,0.001637301,0.279782861,0.277478057
PP_M20,PP,0.003746706,0.001637533,0.281440405,0.27445257
PP_M21,PP,0.003610938,0.001644085,0.276700994,0.28215717
PP_M22,PP,0.003690307,0.001658058,0.277460895,0.278108273
PP_M23,PP,0.004240531,0.001782664,0.296345242,0.255235916
PP_M24,PP,0.00408147,0.001729556,0.29056116,0.261427775
PP_M25,PP,0.003978719,0.001675328,0.280480099,0.262512724
PP_M26,PP,0.003704401,0.001707747,0.277518168,0.279772387
PP_M27,PP,0.004221703,0.001932657,0.295474413,0.261835844
PP_M28,PP,0.003893894,0.001654806,0.28228174,0.266706496
PP_M29,PP,0.003877728,0.001652127,0.285447458,0.267841862
PP_M30,PP,0.003799132,0.001882844,0.280304494,0.277681846
PP_M31,PP,0.003735158,0.001629398,0.280744045,0.274214398
PP_M32,PP,0.00373108,0.001651943,0.279935308,0.276096203
PP_M33,PP,0.003696424,0.001639074,0.276831351,0.276764892
PP_M34,PP,0.005325038,0.00316474,0.310059495,0.24280317
PP_M35,PP,0.003886409,0.001656616,0.287066893,0.267669816
PP_M36,PP,0.003944479,0.001668603,0.287297522,0.264368316
PP_M37,PP,0.003998992,0.001661606,0.28677059,0.261831368
PP_M38,PP,0.00551257,0.006040935,0.283810907,0.258361649
PP_M39,PP,0.003849401,0.001644125,0.285408318,0.269015075
PP_M40,PP,0.003823401,0.001632,0.2832262,0.269450602
PP_M41,PP,0.003846719,0.001835431,0.283052039,0.273828785
PP_M42,PP,0.0037396,0.001646165,0.278062545,0.274659495
PP_M43,PP,0.003714315,0.001632307,0.281297977,0.275111246
PP_M44,PP,0.003819468,0.001645848,0.283777755,0.270517628
PP_M45,PP,0.004014881,0.001631794,0.287940423,0.259559873
PP_M46,PP,0.003920431,0.001636006,0.288021962,0.264835825
PP_M47,PP,0.004082131,0.001746474,0.290976451,0.262180225
PP_M48,PP,0.00393294,0.001629857,0.287525214,0.263474017
PP_M49,PP,0.004038905,0.001660442,0.292524251,0.259793156
PP_M50,PP,0.0038893,0.00179641,0.281996977,0.274867638
PS_M01,PS,0.00393969,0.001631835,0.290686782,0.26369717
PS_M02,PS,0.003918581,0.001633598,0.28814591,0.265056656
PS_M03,PS,0.004019028,0.001634761,0.293214397,0.260587931
PS_M04,PS,0.004057075,0.001816574,0.294974774,0.262248392
PS_M05,PS,0.003926523,0.001640528,0.288985434,0.265210233
PS_M06,PS,0.003807233,0.001639656,0.283777748,0.271294192
PS_M07,PS,0.004283033,0.001628003,0.299648812,0.247481573
PS_M08,PS,0.0040442,0.001634653,0.292216252,0.258971005
PS_M09,PS,0.003955787,0.00162174,0.29065233,0.261396642
PS_M10,PS,0.004776795,0.002053969,0.308846503,0.239906363
PS_M11,PS,0.003851032,0.001635451,0.284360989,0.268207858
PS_M12,PS,0.004020188,0.001634734,0.291715072,0.260058253
PS_M13,PS,0.004047123,0.0016271,0.292487539,0.25721455
PS_M14,PS,0.004027082,0.001655923,0.291818358,0.26089762
PS_M15,PS,0.003959293,0.001634402,0.288398683,0.262776416
PS_M16,PS,0.003940574,0.00164251,0.287442267,0.264332751
PS_M17,PS,0.00393864,0.00164255,0.285857901,0.26417331
PS_M18,PS,0.004121217,0.001630063,0.294232668,0.254631636
PS_M19,PS,0.004607087,0.001621887,0.31768431,0.23526889
PS_M20,PS,0.004352949,0.001630906,0.307499706,0.245609565
PS_M21,PS,0.00383356,0.001657498,0.285514085,0.272750035
PS_M22,PS,0.003991179,0.001636058,0.292388484,0.261968873
PS_M23,PS,0.003747065,0.001641419,0.283348931,0.275017668
PS_M24,PS,0.003974579,0.001635223,0.291587499,0.262735211
PS_M25,PS,0.003843757,0.001642423,0.28631931,0.269332151
PS_M26,PS,0.00401806,0.001637544,0.292129944,0.260334667
PS_M27,PS,0.004079652,0.001637391,0.295407503,0.257175712
PS_M28,PS,0.003888313,0.00163733,0.287399203,0.266808926
PS_M29,PS,0.003765222,0.00163572,0.282535172,0.272920865
PS_M30,PS,0.003793226,0.001652086,0.283897124,0.272569056
PS_M31,PS,0.004194543,0.001627652,0.298557105,0.251546617
PS_M32,PS,0.003857644,0.001634371,0.286723115,0.268216403
PS_M33,PS,0.003854638,0.001632826,0.286747504,0.26776878
PS_M34,PS,0.003819842,0.001635103,0.284943876,0.269994927
PS_M35,PS,0.004222833,0.001684217,0.298212581,0.250438708
PS_M36,PS,0.00391791,0.001649756,0.288067759,0.265571964
PS_M37,PS,0.00399554,0.001633738,0.290924188,0.260974495
PS_M38,PS,0.004069876,0.001636415,0.293022061,0.257665932
PS_M39,PS,0.003912881,0.00164114,0.287987835,0.265506967
PS_M40,PS,0.003928185,0.001651982,0.28774447,0.264654794
PS_M41,PS,0.00382351,0.001636453,0.284506759,0.269971599
PS_M42,PS,0.003833056,0.001634046,0.284486139,0.269008597
PS_M43,PS,0.003907404,0.001634033,0.288516172,0.265491548
PS_M44,PS,0.004052172,0.001625219,0.294684969,0.257669182
PS_M45,PS,0.004160729,0.001627747,0.297379902,0.253206216
PS_M46,PS,0.003925297,0.001654772,0.289348661,0.266947748
PS_M47,PS,0.004161298,0.001631789,0.300020563,0.253907875
PS_M48,PS,0.003924245,0.001655883,0.28874674,0.266100362
PS_M49,PS,0.004074393,0.001632903,0.295715896,0.257743133
PS_M50,PS,0.005805576,0.008285138,0.283348202,0.265345391
POM_M01,POM,0.020638331,0.007016783,0.372505997,0.159152641
POM_M02,POM,0.013797467,0.003404153,0.318684625,0.179868169
POM_M03,POM,0.013102422,0.003392981,0.313412003,0.185871321
POM_M04,POM,0.015582304,0.003408951,0.341845933,0.165779133
POM_M05,POM,0.01334962,0.003382487,0.317788831,0.183150894
POM_M06,POM,0.013956227,0.00340118,0.321145528,0.178514146
POM_M07,POM,0.012796803,0.003403493,0.310963516,0.18910453
POM_M08,POM,0.014245525,0.003422976,0.327095708,0.176071989
POM_M09,POM,0.013138379,0.003406082,0.313541396,0.18536831
POM_M10,POM,0.013770532,0.003464008,0.319628927,0.181017151
POM_M11,POM,0.013864875,0.003397383,0.319558872,0.179310707
POM_M12,POM,0.013406205,0.003410018,0.315096922,0.183407915
POM_M13,POM,0.014046441,0.003704789,0.326086512,0.178809625
POM_M14,POM,0.01208246,0.003422983,0.303399978,0.197381589
POM_M15,POM,0.013469979,0.003371071,0.320133133,0.181669423
POM_M16,POM,0.013747097,0.003472969,0.319406662,0.181027974
POM_M17,POM,0.014559596,0.003626462,0.326539652,0.174129499
POM_M18,POM,0.014242264,0.003374121,0.324349733,0.175024187
POM_M19,POM,0.012446964,0.00347025,0.311282394,0.193778801
POM_M20,POM,0.013459967,0.003509142,0.317921587,0.183559494
POM_M21,POM,0.012778719,0.003418695,0.310352478,0.189050378
POM_M22,POM,0.013333084,0.003532331,0.317824207,0.185666153
POM_M23,POM,0.013812326,0.006226791,0.31878642,0.190792298
POM_M24,POM,0.013318756,0.003438817,0.316836588,0.18424976
POM_M25,POM,0.013541317,0.00337721,0.318553472,0.181367525
POM_M26,POM,0.014634805,0.003414283,0.332769265,0.173367257
POM_M27,POM,0.012764101,0.003686019,0.31105875,0.192489472
POM_M28,POM,0.019942626,0.009678215,0.343176317,0.152442636
POM_M29,POM,0.01364288,0.003423664,0.318301344,0.181464991
POM_M30,POM,0.014619577,0.004219891,0.326572173,0.173722394
POM_M31,POM,0.013132318,0.003408794,0.313524519,0.186017344
POM_M32,POM,0.014674958,0.003432328,0.331034548,0.17143143
POM_M33,POM,0.012012159,0.003405351,0.300925796,0.197354725
POM_M34,POM,0.013559905,0.003371821,0.321656659,0.181223652
POM_M35,POM,0.012454999,0.003420171,0.307214603,0.19304982
POM_M36,POM,0.01254844,0.003420458,0.309330768,0.192418412
POM_M37,POM,0.012375768,0.003402113,0.306777555,0.193330445
POM_M38,POM,0.015325959,0.004892704,0.330682732,0.17194685
POM_M39,POM,0.014483859,0.003602686,0.331102425,0.17641088
POM_M40,POM,0.012111361,0.003437116,0.303495215,0.197134612
POM_M41,POM,0.012134027,0.003421688,0.308282224,0.196979344
POM_M42,POM,0.014628624,0.003396959,0.335351629,0.173381732
POM_M43,POM,0.014853299,0.005070428,0.330765945,0.179368064
POM_M44,POM,0.013205393,0.003396232,0.31858424,0.185939663
POM_M45,POM,0.014976153,0.010744978,0.324313529,0.185366659
POM_M46,POM,0.012995046,0.00339765,0.313476688,0.18700831
POM_M47,POM,0.013885528,0.003369168,0.324860251,0.178078625
POM_M48,POM,0.013862173,0.004192822,0.325641261,0.180995008
POM_M49,POM,0.012628465,0.003399218,0.311446848,0.190969752
POM_M50,POM,0.013196316,0.00337854,0.3172688,0.184497855
PVC_M01,PVC,0.055412144,0.003303396,0.358443771,0.088578488
PVC_M02,PVC,0.048345081,0.003303259,0.356607607,0.089667452
PVC_M03,PVC,0.062686808,0.003378047,0.344170529,0.089565156
PVC_M04,PVC,0.058922332,0.003559093,0.348148039,0.088859022
PVC_M05,PVC,0.055928093,0.003317576,0.348913272,0.088620129
PVC_M06,PVC,0.063255651,0.003413409,0.337556784,0.089513366
PVC_M07,PVC,0.068913903,0.005601534,0.320576076,0.091910651
PVC_M08,PVC,0.054931183,0.003754406,0.350366529,0.089284879
PVC_M09,PVC,0.0615031,0.00345204,0.340536426,0.089196541
PVC_M10,PVC,0.051813771,0.003277352,0.348541587,0.089262196
PVC_M11,PVC,0.065706516,0.00337558,0.332921539,0.090606092
PVC_M12,PVC,0.05262389,0.003213654,0.358099217,0.090010922
PVC_M13,PVC,0.067681155,0.003569618,0.320108517,0.090488502
PVC_M14,PVC,0.054568028,0.003286799,0.353714668,0.089722431
PVC_M15,PVC,0.061631942,0.003339586,0.33485937,0.088682152
PVC_M16,PVC,0.047939987,0.003356365,0.362064731,0.091783555
PVC_M17,PVC,0.061274901,0.003391915,0.328010465,0.087843679
PVC_M18,PVC,0.064444929,0.00334246,0.327325919,0.089248115
PVC_M19,PVC,0.071951948,0.003404294,0.315216625,0.093545409
PVC_M20,PVC,0.064252607,0.003437187,0.33510289,0.090239427
PVC_M21,PVC,0.073051983,0.003649209,0.309160516,0.09399358
PVC_M22,PVC,0.063022597,0.003312434,0.337403458,0.089949862
PVC_M23,PVC,0.0604386,0.00318293,0.336881677,0.08874089
PVC_M24,PVC,0.045142881,0.003256586,0.364370947,0.093146724
PVC_M25,PVC,0.064238849,0.00342344,0.331191287,0.089686623
PVC_M26,PVC,0.042082645,0.003245215,0.364559396,0.095053271
PVC_M27,PVC,0.049563879,0.003475108,0.359798779,0.091178307
PVC_M28,PVC,0.074865618,0.003508632,0.304018135,0.095270815
PVC_M29,PVC,0.066962867,0.003497547,0.326173826,0.090981427
PVC_M30,PVC,0.043182292,0.003389947,0.36790275,0.094568421
PVC_M31,PVC,0.040801059,0.003332162,0.379557977,0.095083918
PVC_M32,PVC,0.051315747,0.003309406,0.361769031,0.089153055
PVC_M33,PVC,0.047066236,0.003325493,0.371051435,0.09150063
PVC_M34,PVC,0.058289654,0.003336593,0.353047164,0.089130302
PVC_M35,PVC,0.058605602,0.003414545,0.350158573,0.088975923
PVC_M36,PVC,0.045540422,0.003232652,0.368099307,0.09274604
PVC_M37,PVC,0.063767486,0.003319381,0.339190314,0.09015666
PVC_M38,PVC,0.053730211,0.003348177,0.356837122,0.089808272
PVC_M39,PVC,0.037631337,0.003242321,0.373107148,0.098949018
PVC_M40,PVC,0.051890019,0.003350163,0.362314571,0.09071879
PVC_M41,PVC,0.04987984,0.003285411,0.36014079,0.090969871
PVC_M42,PVC,0.055460609,0.033712839,0.353679249,0.12713429
PVC_M43,PVC,0.065034724,0.003562967,0.332504126,0.090411175
PVC_M44,PVC,0.053512217,0.003362988,0.353610532,0.089938121
PVC_M45,PVC,0.058600363,0.003446337,0.343512382,0.089274397
PVC_M46,PVC,0.049335046,0.003460231,0.355701259,0.090933237
PVC_M47,PVC,0.05824291,0.00326373,0.344772784,0.089382771
PVC_M48,PVC,0.062606174,0.003288954,0.337718089,0.089934144
PVC_M49,PVC,0.054896917,0.003273683,0.34804209,0.089414074
PVC_M50,PVC,0.053183676,0.003328423,0.352598349,0.090067603
PET_M01,PET,0.066005177,0.004407975,0.455056559,0.097075422
PET_M02,PET,0.094362854,0.005596295,0.415080207,0.098864849
PET_M03,PET,0.088790187,0.005097874,0.424733545,0.098041912
PET_M04,PET,0.062937899,0.004275823,0.456595241,0.09712946
PET_M05,PET,0.096042943,0.004440675,0.415178296,0.099890666
PET_M06,PET,0.118533405,0.008837402,0.359475911,0.109435868
PET_M07,PET,0.066630261,0.005089764,0.456640505,0.097204699
PET_M08,PET,0.098259588,0.014368814,0.406956367,0.104180352
PET_M09,PET,0.075779413,0.00627206,0.445899436,0.096978889
PET_M10,PET,0.095224865,0.005938667,0.413387434,0.099121767
PET_M11,PET,0.069577825,0.004162904,0.452596613,0.096816072
PET_M12,PET,0.071624795,0.004634791,0.450740848,0.096535355
PET_M13,PET,0.096674073,0.004829546,0.413651446,0.100100249
PET_M14,PET,0.065766578,0.004488128,0.454110806,0.09708078
PET_M15,PET,0.081663139,0.004646488,0.438253788,0.096958427
PET_M16,PET,0.060373282,0.004366199,0.458388282,0.0983753
PET_M17,PET,0.09728913,0.005190457,0.411772508,0.100807391
PET_M18,PET,0.077498262,0.00438222,0.44413011,0.096993893
PET_M19,PET,0.102253918,0.004954757,0.402034422,0.102129012
PET_M20,PET,0.086000687,0.004426238,0.433422303,0.098176964
PET_M21,PET,0.071954921,0.004820977,0.449949779,0.096493743
PET_M22,PET,0.091332447,0.004885499,0.421957016,0.09849204
PET_M23,PET,0.059908796,0.004379651,0.457719405,0.098369747
PET_M24,PET,0.096844187,0.00463266,0.411335862,0.099888342
PET_M25,PET,0.10132636,0.004964876,0.402646892,0.101359095
PET_M26,PET,0.100759397,0.004831494,0.40403532,0.101049848
PET_M27,PET,0.112812711,0.004977545,0.375087009,0.106323766
PET_M28,PET,0.080643766,0.004995048,0.436239158,0.096594315
PET_M29,PET,0.081978278,0.00467664,0.436605706,0.09686416
PET_M30,PET,0.097017611,0.004800444,0.410679448,0.099846562
PET_M31,PET,0.091762533,0.004667584,0.421040642,0.098580911
PET_M32,PET,0.080156823,0.004460011,0.44148877,0.0970812
PET_M33,PET,0.088845902,0.00685523,0.422788338,0.097534463
PET_M34,PET,0.113755403,0.005207894,0.373478628,0.106551973
PET_M35,PET,0.071032452,0.00593678,0.452268583,0.097333455
PET_M36,PET,0.138296329,0.006898149,0.292133443,0.11507473
PET_M37,PET,0.126830908,0.006520812,0.333400405,0.111920182
PET_M38,PET,0.081634983,0.004763671,0.437124777,0.096963079
PET_M39,PET,0.110458364,0.004544661,0.378557636,0.104539791
PET_M40,PET,0.097045604,0.004874225,0.412470563,0.100170903
PET_M41,PET,0.088498145,0.004823506,0.425424508,0.097551291
PET_M42,PET,0.06607108,0.004722076,0.453553747,0.097039888
PET_M43,PET,0.078917318,0.004864786,0.442204949,0.096885414
PET_M44,PET,0.096816003,0.00547313,0.411737299,0.099816971
PET_M45,PET,0.063385457,0.004473711,0.459380949,0.097883227
PET_M46,PET,0.083282554,0.005064788,0.43712366,0.097436988
PET_M47,PET,0.083043839,0.005434637,0.437503036,0.09717491
PET_M48,PET,0.090350872,0.004998909,0.424842303,0.098358529
PET_M49,PET,0.077410817,0.005069181,0.442416449,0.096844946
PET_M50,PET,0.071062842,0.004842447,0.447155557,0.096230246
PU_M01,PU,0.029873011,0.005975338,0.408627865,0.134043624
PU_M02,PU,0.036346064,0.004357069,0.433534317,0.115683865
PU_M03,PU,0.028984782,0.004226484,0.407881734,0.131178926
PU_M04,PU,0.036730151,0.004217321,0.425612813,0.115109766
Pu_M05,PU,0.030267676,0.004290825,0.415188977,0.128157117
Pu_M06,PU,0.037712491,0.004208189,0.427443838,0.113520259
Pu_M07,PU,0.033845455,0.004147226,0.422849502,0.119712758
Pu_M08,PU,0.036352812,0.00425715,0.422775184,0.115868825
Pu_M09,PU,0.034833264,0.004242052,0.420884956,0.11866787
Pu_M10,PU,0.037966172,0.00423337,0.42405815,0.113370185
Pu_M11,PU,0.03571257,0.004228957,0.422016069,0.117055312
Pu_M12,PU,0.033686031,0.004207017,0.419631716,0.119879008
PU_M13,PU,0.03129993,0.004214759,0.418007082,0.125476334
PU_M14,PU,0.028833308,0.004240288,0.407539851,0.131804231
PU_M15,PU,0.045688777,0.004250935,0.444347325,0.104963904
PU_M16,PU,0.034974556,0.004209191,0.419386664,0.118373624
PU_M17,PU,0.035175871,0.004249488,0.422244476,0.118150866
PU_M18,PU,0.032744359,0.004150153,0.414568914,0.121707303
PU_M19,PU,0.080982305,0.004286678,0.440071324,0.097074888
PU_M20,PU,0.035974378,0.004184936,0.425185112,0.116664722
PU_M21,PU,0.03156274,0.00432999,0.412687756,0.125473257
PU_M22,PU,0.040291389,0.004196872,0.421000737,0.109982673
PU_M23,PU,0.03304331,0.004317566,0.418067423,0.12206915
PU_M24,PU,0.02873347,0.00427694,0.409394368,0.132232758
PU_M25,PU,0.03627647,0.004225939,0.425333061,0.116301182
PU_M26,PU,0.043555059,0.004351955,0.444767169,0.107331518
PU_M27,PU,0.038368713,0.004249611,0.423975452,0.113052059
PU_M28,PU,0.034551172,0.00430969,0.41823003,0.119267388
PU_M29,PU,0.031432544,0.004453555,0.412217146,0.125964441
PU_M30,PU,0.040715856,0.0042859,0.428581639,0.109872596
PU_M31,PU,0.03441371,0.004257263,0.417602852,0.118857135
PU_M32,PU,0.039703992,0.00419122,0.425202847,0.110897323
PU_M33,PU,0.03728877,0.004241986,0.420500131,0.114449642
PU_M34,PU,0.037816771,0.004297338,0.425415018,0.11376134
PU_M35,PU,0.034143454,0.004213682,0.417276044,0.119821398
PU_M36,PU,0.038038514,0.005300715,0.425302963,0.113624296
PU_M37,PU,0.032074382,0.004283689,0.413788501,0.123613645
PU_M38,PU,0.026451351,0.004232393,0.401238527,0.138492242
PU_M39,PU,0.03054766,0.004350493,0.41180981,0.12758363
PU_M40,PU,0.032831974,0.004174509,0.424656966,0.122320366
PU_M41,PU,0.036267726,0.004185472,0.422820687,0.116190242
PU_M42,PU,0.037860332,0.004212028,0.425168057,0.11337635
PU_M43,PU,0.032694957,0.004205072,0.418552642,0.122473283
PU_M44,PU,0.033991453,0.004156473,0.419177514,0.119922127
PU_M45,PU,0.030351869,0.004226564,0.410338874,0.127966905
PU_M46,PU,0.040016026,0.00423936,0.42498212,0.11039962
PU_M47,PU,0.034254558,0.004215016,0.41509339,0.118788985
PU_M48,PU,0.029317436,0.004216747,0.409079877,0.13041219
PU_M49,PU,0.03700663,0.004211134,0.423280273,0.115032501
PU_M50,PU,0.034225528,0.004294643,0.423273277,0.120039281
ABS_M01,ABS,0.257415255,0.005966496,0.03671851,0.046288266
ABS_M02,ABS,0.228182079,0.005884334,0.053916647,0.063200664
ABS_M03,ABS,0.251361595,0.006111866,0.039711949,0.049576253
ABS_M04,ABS,0.225448626,0.005966067,0.056137499,0.065045852
ABS_M05,ABS,0.244636324,0.006017631,0.04319258,0.053250319
ABS_M06,ABS,0.200374929,0.005984495,0.088311389,0.084701872
ABS_M07,ABS,0.252429428,0.0059305,0.03914069,0.048964003
ABS_M08,ABS,0.187205695,0.009048601,0.117535064,0.098030755
ABS_M09,ABS,0.283462462,0.005737848,0.024143493,0.031874731
ABS_M10,ABS,0.311531546,0.002505978,0.00294463,0.007002564
ABS_M11,ABS,0.147051902,0.004566289,0.242965273,0.111619953
ABS_M12,ABS,0.243128487,0.005971521,0.044082389,0.054164942
ABS_M13,ABS,0.16683316,0.004960636,0.174606008,0.108247945
ABS_M14,ABS,0.302776252,0.005100025,0.014390876,0.019001788
ABS_M15,ABS,0.276538549,0.005904912,0.027466904,0.035808422
ABS_M16,ABS,0.294706754,0.005883366,0.018810726,0.024973804
ABS_M17,ABS,0.258249827,0.005963934,0.036266147,0.045817459
ABS_M18,ABS,0.311519425,0.002233625,0.003047042,0.007126053
ABS_M19,ABS,0.300971142,0.005355907,0.015496393,0.020533967
ABS_M20,ABS,0.311550448,0.002259055,0.002941618,0.006993026
ABS_M21,ABS,0.208740891,0.006061978,0.074654501,0.077621039
ABS_M22,ABS,0.16226555,0.004849854,0.19012971,0.10991303
ABS_M23,ABS,0.217359416,0.005883208,0.063924534,0.070813693
ABS_M24,ABS,0.179868876,0.005492548,0.135140113,0.101086108
ABS_M25,ABS,0.200673843,0.00622115,0.087762758,0.084590037
ABS_M26,ABS,0.215784759,0.005977106,0.065668464,0.071997443
ABS_M27,ABS,0.260322296,0.005948699,0.035310868,0.044709426
ABS_M28,ABS,0.269200377,0.00593947,0.031002567,0.039865184
ABS_M29,ABS,0.223168476,0.005824502,0.058087004,0.066615311
ABS_M30,ABS,0.232005629,0.006170936,0.051010529,0.060764847
ABS_M31,ABS,0.205991408,0.006035973,0.078742496,0.079918875
ABS_M32,ABS,0.217726103,0.005896125,0.063502122,0.070552185
ABS_M33,ABS,0.235390511,0.005784034,0.048675262,0.058663602
ABS_M34,ABS,0.19642661,0.005829258,0.095476391,0.087895707
ABS_M35,ABS,0.305111702,0.004613445,0.0126115,0.016674281
ABS_M36,ABS,0.230997732,0.005895673,0.051780232,0.061412174
ABS_M37,ABS,0.289555178,0.005566991,0.021195214,0.028306391
ABS_M38,ABS,0.257985052,0.00590526,0.036393823,0.045940999
ABS_M39,ABS,0.209801574,0.00588018,0.073174525,0.076747853
ABS_M40,ABS,0.285544963,0.005751343,0.023135254,0.030732144
ABS_M41,ABS,0.20536064,0.005891196,0.079664362,0.08035654
ABS_M42,ABS,0.218078106,0.005953051,0.063112208,0.070302955
ABS_M43,ABS,0.302991231,0.005119168,0.014198893,0.018731481
ABS_M44,ABS,0.208846515,0.006110227,0.07470869,0.077663528
ABS_M45,ABS,0.263348985,0.005980524,0.033831079,0.04306969
ABS_M46,ABS,0.249961508,0.006075048,0.040437318,0.050348516
ABS_M47,ABS,0.179026,0.005363422,0.137965733,0.101707141
ABS_M48,ABS,0.239397476,0.00597085,0.046211851,0.056288111
ABS_M49,ABS,0.249187385,0.007368073,0.040833943,0.050837642
ABS_M50,ABS,0.237686813,0.005841344,0.047206718,0.057264413
PE-LD_M01,PE-LD,0.003648659,0.001716178,0.268725612,0.288331012
PE-LD_M02,PE-LD,0.003714752,0.001712172,0.266907371,0.276434485
PE-LD_M03,PE-LD,0.003596316,0.001657099,0.266167507,0.280096245
PE-LD_M04,PE-LD,0.003891161,0.001619736,0.275236302,0.262905829
PE-LD_M05,PE-LD,0.003740143,0.001636241,0.26948381,0.272588064
PE-LD_M06,PE-LD,0.004265296,0.002982311,0.265749171,0.264282083
PE-LD_M07,PE-LD,0.003553778,0.001631972,0.262645813,0.282374113
PE-LD_M08,PE-LD,0.003798239,0.001643846,0.273076752,0.269977063
PE-LD_M09,PE-LD,0.003697233,0.001637359,0.26557823,0.274759868
PE-LD_M10,PE-LD,0.003641303,0.001628261,0.265729717,0.276462148
PE-LD_M11,PE-LD,0.004334786,0.00308635,0.266832618,0.263853149
PE-LD_M12,PE-LD,0.003767473,0.001625136,0.269989712,0.269922268
PE-LD_M13,PE-LD,0.003591877,0.001637107,0.264017697,0.280924299
PE-LD_M14,PE-LD,0.00370569,0.001637782,0.266860788,0.274238377
PE-LD_M15,PE-LD,0.003696442,0.001638392,0.264738683,0.274627054
PE-LD_M16,PE-LD,0.003836979,0.001626203,0.268672745,0.265689032
PE-LD_M17,PE-LD,0.003693467,0.001629144,0.264364881,0.273975442
PE-LD_M18,PE-LD,0.003706764,0.001635349,0.266435435,0.274052954
PE-LD_M19,PE-LD,0.004065016,0.001704071,0.262499473,0.258021333
PE-LD_M20,PE-LD,0.003557294,0.001638791,0.264289501,0.283147474
PE-LD_M21,PE-LD,0.003890887,0.001634798,0.265357598,0.263439404
PE-LD_M22,PE-LD,0.00359354,0.001632605,0.264039445,0.28012086
PE-LD_M23,PE-LD,0.003679849,0.001638332,0.268373167,0.276165724
PE-LD_M24,PE-LD,0.00358012,0.001631503,0.267797027,0.28122419
PE-LD_M25,PE-LD,0.003730434,0.001635469,0.267562755,0.271487128
PE-LD_M26,PE-LD,0.003802114,0.001630161,0.266591868,0.268095272
PE-LD_M27,PE-LD,0.004371022,0.002579687,0.273458513,0.257271952
PE-LD_M28,PE-LD,0.005872526,0.005919263,0.261888289,0.242522503
PE-LD_M29,PE-LD,0.003870801,0.0021497,0.266280025,0.272778467
PE-LD_M30,PE-LD,0.003740004,0.001642395,0.266183265,0.272467773
PE-LD_M31,PE-LD,0.003842363,0.001688911,0.26771011,0.274062703
PE-LD_M32,PE-LD,0.003739748,0.001664953,0.266315877,0.273602063
PE-LD_M33,PE-LD,0.004537612,0.003686706,0.26446369,0.25852817
PE-LD_M34,PE-LD,0.004726736,0.003229792,0.26655663,0.251539756
PE-LD_M35,PE-LD,0.003886787,0.001640067,0.273512427,0.26494374
PE-LD_M36,PE-LD,0.00375735,0.001638194,0.266355428,0.271507517
PE-LD_M37,PE-LD,0.003673447,0.00163596,0.267107642,0.276073035
PE-LD_M38,PE-LD,0.003798395,0.001634585,0.268497284,0.269099305
PE-LD_M39,PE-LD,0.003792182,0.001635445,0.267624659,0.26940385
PE-LD_M40,PE-LD,0.00392286,0.001637318,0.269888742,0.261823282
PE-LD_M41,PE-LD,0.0037174,0.001636124,0.265805124,0.273581918
PE-LD_M42,PE-LD,0.003778546,0.001642197,0.264867174,0.270317689
PE-LD_M43,PE-LD,0.003804604,0.001731513,0.269223175,0.27242264
PE-LD_M44,PE-LD,0.00372164,0.001636168,0.265275135,0.273102498
PE-LD_M45,PE-LD,0.003837582,0.001636223,0.267059906,0.266695991
PE-LD_M46,PE-LD,0.003879049,0.001642549,0.266336911,0.264617331
PE-LD_M47,PE-LD,0.003762319,0.001637011,0.266998477,0.270858457
PE-LD_M48,PE-LD,0.003720004,0.001629465,0.265355915,0.27228455
PE-LD_M49,PE-LD,0.003624399,0.001633833,0.264041363,0.278263728
PE-LD_M50,PE-LD,0.003646804,0.001638349,0.264847809,0.277695708
SAN_M01,SAN,0.021219783,0.00332259,0.428986772,0.139178785
SAN_M02,SAN,0.021349035,0.003381623,0.429287002,0.13843252
SAN_M03,SAN,0.023490209,0.003318496,0.438236222,0.130586314
SAN_M04,SAN,0.021955452,0.003319688,0.431570547,0.135533484
SAN_M05,SAN,0.022999268,0.00334042,0.432964677,0.132681365
SAN_M06,SAN,0.021441693,0.003354173,0.427005069,0.138200393
SAN_M07,SAN,0.021213686,0.003349515,0.425558765,0.138965015
SAN_M08,SAN,0.020874752,0.003393077,0.421263599,0.140531642
SAN_M09,SAN,0.023201548,0.003273582,0.435282836,0.131194238
SAN_M10,SAN,0.021841779,0.003310505,0.429117696,0.135925718
SAN_M11,SAN,0.020459667,0.003360406,0.421217053,0.142191112
SAN_M12,SAN,0.022100824,0.003319991,0.428796709,0.135663636
SAN_M13,SAN,0.022475672,0.003313257,0.430151113,0.134235546
SAN_M14,SAN,0.020219365,0.003337329,0.41969891,0.143222758
SAN_M15,SAN,0.021094162,0.0033591,0.4247106,0.139158925
SAN_M16,SAN,0.022107258,0.003402055,0.431473579,0.136061273
SAN_M17,SAN,0.021991313,0.003309862,0.428581122,0.135766199
SAN_M18,SAN,0.019404668,0.003332301,0.416177787,0.146889887
SAN_M19,SAN,0.020101488,0.00336369,0.418997043,0.143667762
SAN_M20,SAN,0.021065761,0.003359701,0.425281683,0.140041002
SAN_M21,SAN,0.021187083,0.003329562,0.424514941,0.139307708
SAN_M22,SAN,0.021146099,0.003365951,0.425161323,0.139661547
SAN_M23,SAN,0.020802507,0.003354472,0.423148321,0.141050912
SAN_M24,SAN,0.020416702,0.00336835,0.421118812,0.142563292
SAN_M25,SAN,0.020822612,0.00333375,0.422181942,0.140760334
SAN_M26,SAN,0.023868848,0.003338899,0.435854118,0.129820339
SAN_M27,SAN,0.023107966,0.003411414,0.429945041,0.132111943
SAN_M28,SAN,0.019374419,0.003327906,0.415438037,0.147242581
SAN_M29,SAN,0.020865833,0.003321324,0.424231386,0.140647851
SAN_M30,SAN,0.021886902,0.003321422,0.428767462,0.136268012
SAN_M31,SAN,0.017952965,0.003374372,0.402100581,0.154076423
SAN_M32,SAN,0.020386451,0.003346998,0.419623203,0.142321551
SAN_M33,SAN,0.021601995,0.003312647,0.426595297,0.1368432
SAN_M34,SAN,0.01897103,0.003345514,0.414533196,0.149237531
SAN_M35,SAN,0.023049448,0.003330763,0.431852783,0.132551496
SAN_M36,SAN,0.025114829,0.003319927,0.439733804,0.126243012
SAN_M37,SAN,0.020700194,0.003340387,0.420327515,0.141215865
SAN_M38,SAN,0.022685904,0.003973566,0.426593326,0.133818007
SAN_M39,SAN,0.021842457,0.003312017,0.429823368,0.136870729
SAN_M40,SAN,0.02523189,0.003325334,0.437924048,0.125568267
SAN_M41,SAN,0.022648583,0.003386203,0.43016194,0.134292488
SAN_M42,SAN,0.020315428,0.003321882,0.420224333,0.142134802
SAN_M43,SAN,0.01826586,0.003305671,0.406336297,0.151669049
SAN_M44,SAN,0.021775505,0.003298873,0.421370624,0.13561292
SAN_M45,SAN,0.022375198,0.003311378,0.430299728,0.134628077
SAN_M46,SAN,0.021587622,0.005070545,0.424347934,0.138670523
SAN_M47,SAN,0.019827062,0.003349933,0.415450782,0.144747688
SAN_M48,SAN,0.021840434,0.003323172,0.427723627,0.136650042
SAN_M49,SAN,0.022569211,0.003350038,0.429734914,0.133710936
SAN_M50,SAN,0.022079315,0.003360528,0.429362811,0.135758481
