,polymer,mean(ni),standard_deviation(ni),Median(ni),mean(nid),standard_deviation(nid),Median(nid)
0,PA,0.008643832,0.00283729,0.007854517,-0.033962404,0.21311973,-0.038335159
1,PA,0.007152422,0.002850063,0.006358217,-0.015490252,0.246835009,-0.017570105
2,PA,0.006740715,0.002753336,0.00597955,-0.017189239,0.253155561,-0.019607843
3,PA,0.009186466,0.002831928,0.008401324,-0.034183551,0.20299795,-0.038265894
4,PA,0.008398848,0.003030339,0.007536606,-0.029866216,0.218256033,-0.034065934
5,PA,0.00817875,0.002830195,0.007392487,-0.028965493,0.221288346,-0.032601464
6,PA,0.008180984,0.002822615,0.007396726,-0.02993034,0.220897273,-0.033677866
7,PA,0.008451344,0.002829128,0.00766801,-0.028056381,0.215730151,-0.031667839
8,PA,0.007885245,0.002841191,0.00709577,-0.025493955,0.228264554,-0.028888889
9,PA,0.008741909,0.0028694,0.007943532,-0.034595298,0.210969331,-0.038721573
10,PA,0.008972909,0.002875645,0.008189383,-0.034457986,0.207062764,-0.038283063
11,PA,0.008020223,0.002841435,0.007235651,-0.027167999,0.225137478,-0.030540329
12,PA,0.008294299,0.002835785,0.007511174,-0.030294506,0.219219285,-0.034412955
13,PA,0.008598557,0.003007089,0.007786696,-0.032529047,0.216326848,-0.038481272
14,PA,0.007979805,0.002837606,0.007189024,-0.026980165,0.226051975,-0.030453698
15,PA,0.011318916,0.005847249,0.00937625,-0.040954153,0.188428806,-0.047074165
16,PA,0.009079414,0.003173451,0.008113085,-0.035399723,0.206639279,-0.0407911
17,PA,0.008538337,0.00281724,0.007765502,-0.031515427,0.21335405,-0.035275444
18,PA,0.008641338,0.002827565,0.007871472,-0.032867592,0.212761415,-0.036705786
19,PA,0.008131652,0.002828348,0.00734586,-0.030018701,0.222357539,-0.033898305
20,PA,0.008571078,0.002818627,0.007786696,-0.034619131,0.213067194,-0.038910506
21,PA,0.007876249,0.002972322,0.007040665,-0.024858424,0.230026905,-0.027589797
22,PA,0.008586423,0.00282228,0.007799413,-0.032291093,0.21344292,-0.036316472
23,PA,0.011251793,0.005513924,0.009282997,-0.037515538,0.189868699,-0.04084014
24,PA,0.011542289,0.005806043,0.009800132,-0.039961364,0.184003139,-0.043626062
25,PA,0.007704733,0.003004736,0.006998277,-0.022301045,0.23756214,-0.027491409
26,PA,0.010336695,0.003107953,0.009609385,-0.029946009,0.187815706,-0.034449761
27,PA,0.008555801,0.002939386,0.007752786,-0.028711457,0.215380812,-0.032600959
28,PA,0.008717123,0.003078909,0.007884189,-0.029676088,0.212750825,-0.033783784
29,PA,0.008075261,0.002834459,0.007286517,-0.025984862,0.22378764,-0.029411765
30,PA,0.008540274,0.002870476,0.007740069,-0.029474573,0.214521307,-0.032870708
31,PA,0.008425619,0.002856418,0.007642577,-0.031359605,0.216736333,-0.035561878
32,PA,0.008565783,0.00287309,0.007765502,-0.03078559,0.214102499,-0.034563562
33,PA,0.008341726,0.002832766,0.0075578,-0.03033175,0.217967879,-0.034292035
34,PA,0.008425155,0.002911104,0.00762986,-0.030575668,0.215628721,-0.034482758
35,PA,0.008244474,0.002832582,0.007456069,-0.028660243,0.220221665,-0.032307692
36,PA,0.012451398,0.016224497,0.008579354,-0.033201341,0.199766922,-0.036144578
37,PA,0.009074302,0.003852867,0.008117324,-0.034173841,0.209118243,-0.03990178
38,PA,0.010021795,0.00470792,0.008528488,-0.032204343,0.20310287,-0.035913403
39,PA,0.009982971,0.004363823,0.008668369,-0.031784018,0.197408905,-0.033996151
40,PA,0.009760165,0.003283229,0.008846399,-0.038645677,0.196398022,-0.042035398
41,PA,0.00879068,0.003066914,0.007935055,-0.031511106,0.21098942,-0.03569111
42,PA,0.009222161,0.002797814,0.008447951,-0.036521955,0.200976368,-0.041054232
43,PA,0.008124234,0.002831948,0.007350099,-0.028379555,0.222106909,-0.03230148
44,PA,0.008511744,0.0028294,0.007727353,-0.031395192,0.21477861,-0.035429077
45,PA,0.008662642,0.003231154,0.007663771,-0.028307205,0.215557199,-0.033250459
46,PA,0.009125419,0.002925774,0.008350458,-0.035321203,0.204858286,-0.039855072
47,PA,0.008576508,0.002831387,0.007799413,-0.031450236,0.213689749,-0.035552682
48,PA,0.007723188,0.002822027,0.006938934,-0.022941969,0.230548269,-0.02596436
49,PA,0.008908048,0.003329186,0.008015592,-0.033068962,0.208296249,-0.037542662
50,PC,0.003897409,0.001641107,0.003445645,-0.01031571,0.260095052,-0.011547344
51,PC,0.003875953,0.001640686,0.003422755,-0.010253194,0.2611723,-0.011453934
52,PC,0.003876732,0.001638444,0.003425807,-0.010835596,0.261191356,-0.011997913
53,PC,0.003720913,0.001634922,0.003270158,-0.006450891,0.269555447,-0.007048429
54,PC,0.004029078,0.001638897,0.003578404,-0.013615812,0.252604461,-0.015506991
55,PC,0.00386453,0.001634095,0.003413599,-0.011357597,0.261026564,-0.012891344
56,PC,0.003933554,0.001636315,0.003482268,-0.011067821,0.25769366,-0.012458744
57,PC,0.003937795,0.001797095,0.003445645,-0.011103808,0.259551529,-0.013170129
58,PC,0.004025734,0.001640939,0.00357993,-0.01262043,0.253302445,-0.01453958
59,PC,0.003890866,0.001635487,0.003439541,-0.008895277,0.260057431,-0.010007506
60,PC,0.003569265,0.001634522,0.003119087,-0.001210887,0.278794713,-0.001168452
61,PC,0.004117859,0.001628832,0.003668437,-0.013903772,0.247412286,-0.015571991
62,PC,0.004033314,0.001634428,0.003582982,-0.013510069,0.252286803,-0.015138613
63,PC,0.004312399,0.00164001,0.003871391,-0.016440579,0.238877589,-0.018714813
64,PC,0.004075811,0.001633895,0.00362571,-0.013663139,0.249922416,-0.015355953
65,PC,0.003986148,0.001622928,0.003537203,-0.013021534,0.253034333,-0.01456133
66,PC,0.003855022,0.001639287,0.003402918,-0.011027509,0.26232659,-0.012479653
67,PC,0.003942008,0.001627081,0.003494476,-0.011992622,0.255732805,-0.013630106
68,PC,0.003776772,0.001639602,0.003325093,-0.006999892,0.266756127,-0.007707804
69,PC,0.003813084,0.001626464,0.003363242,-0.008871723,0.262825267,-0.009855072
70,PC,0.00409509,0.001632783,0.003644021,-0.015002442,0.248949136,-0.017068987
71,PC,0.003862699,0.00163963,0.003410548,-0.009301219,0.261857572,-0.010431673
72,PC,0.003983981,0.001623485,0.003535677,-0.012993168,0.253291864,-0.01459854
73,PC,0.003970305,0.001634065,0.003518892,-0.011609762,0.255547621,-0.013176494
74,PC,0.003941484,0.001637384,0.003489898,-0.011290788,0.257297272,-0.012623986
75,PC,0.00419715,0.001625636,0.003746261,-0.014472123,0.24368714,-0.016292831
76,PC,0.004058408,0.00163325,0.003607398,-0.014630241,0.250715851,-0.016524216
77,PC,0.003809044,0.001637534,0.003357138,-0.007817745,0.264734125,-0.008669783
78,PC,0.003848021,0.00163603,0.003395288,-0.008173081,0.262312611,-0.00910839
79,PC,0.003945797,0.001634365,0.003494476,-0.011607668,0.25676771,-0.013096747
80,PC,0.003989599,0.001635867,0.003537203,-0.012196993,0.254409285,-0.013614133
81,PC,0.003840859,0.001637122,0.003389184,-0.00839603,0.262804109,-0.009348291
82,PC,0.005081441,0.001604357,0.004642007,-0.01160266,0.207127369,-0.012820513
83,PC,0.003890639,0.00163445,0.003439541,-0.00923739,0.259779802,-0.010232558
84,PC,0.00394856,0.001635355,0.003497528,-0.011065755,0.256671739,-0.012419487
85,PC,0.004326414,0.001631805,0.003875969,-0.01207912,0.237775277,-0.01344809
86,PC,0.004446433,0.001625381,0.003998047,-0.010656892,0.232321874,-0.011881188
87,PC,0.005000745,0.001623717,0.004562656,-0.006880561,0.211150981,-0.008147947
88,PC,0.00518615,0.001611071,0.004751877,-0.010360773,0.204348431,-0.011257495
89,PC,0.004400206,0.001625192,0.003952268,-0.013557173,0.234271066,-0.015267176
90,PC,0.004605126,0.001659025,0.004147592,-0.013203667,0.226286629,-0.014638609
91,PC,0.003996303,0.001655657,0.003537203,-0.013063481,0.253783018,-0.015075377
92,PC,0.003978377,0.001636117,0.003526521,-0.011921007,0.255164671,-0.013377926
93,PC,0.003878557,0.001636978,0.003427333,-0.010476753,0.260532208,-0.01188455
94,PC,0.003844822,0.001636796,0.003395288,-0.009781014,0.262541908,-0.010767643
95,PC,0.003945286,0.001632344,0.003496002,-0.010621712,0.255906414,-0.012026314
96,PC,0.005209969,0.001614214,0.004770189,-0.010897252,0.204069388,-0.012127337
97,PC,0.004901319,0.001615003,0.004463468,-0.012001009,0.213779252,-0.013389158
98,PC,0.004241749,0.001629987,0.003793567,-0.010618583,0.241628146,-0.011808118
99,PC,0.003940837,0.001634629,0.003489898,-0.012276016,0.256936833,-0.013783751
100,PE,0.003976108,0.001627621,0.003526521,-0.01843609,0.253915265,-0.021020065
101,PE,0.003813091,0.001637069,0.003361716,-0.011136027,0.263637625,-0.012642986
102,PE,0.003670675,0.001641145,0.003218275,-0.012056155,0.272967539,-0.013830969
103,PE,0.003594092,0.001641744,0.00314045,-0.009483591,0.278017523,-0.010956903
104,PE,0.003790999,0.00200408,0.003213697,-0.012748312,0.27311627,-0.016926642
105,PE,0.00734793,0.011027961,0.003787463,-0.015656356,0.240909727,-0.009389671
106,PE,0.003853983,0.001701369,0.003378502,-0.015818926,0.262254017,-0.018653434
107,PE,0.003584501,0.001641571,0.003131295,-0.009634131,0.278592603,-0.011023622
108,PE,0.003701517,0.001631854,0.00325032,-0.014032166,0.270012369,-0.016326531
109,PE,0.003761823,0.001638868,0.003309833,-0.016560727,0.267146068,-0.019047619
110,PE,0.004023889,0.001630169,0.003573827,-0.025997494,0.251580619,-0.029787234
111,PE,0.003676563,0.001660384,0.003212171,-0.011972902,0.272638564,-0.014409222
112,PE,0.003625074,0.00164108,0.00317097,-0.011947619,0.275802808,-0.013868225
113,PE,0.003717245,0.00164459,0.003277788,-0.014052164,0.270243631,-0.017335766
114,PE,0.003667592,0.001650171,0.003238113,-0.012155057,0.274742547,-0.015460226
115,PE,0.003761212,0.001639097,0.003311359,-0.017230525,0.267357478,-0.020169161
116,PE,0.003634893,0.001640235,0.003181652,-0.011504464,0.275143197,-0.013057671
117,PE,0.003572746,0.001643262,0.003120613,-0.008768502,0.279291324,-0.010037641
118,PE,0.003945978,0.001638552,0.003494476,-0.016945378,0.256077934,-0.019636364
119,PE,0.003635691,0.001641392,0.003181652,-0.012535466,0.275089221,-0.014450867
120,PE,0.003617248,0.00164215,0.003164866,-0.010757086,0.276079339,-0.01242236
121,PE,0.003753878,0.001638658,0.003300678,-0.016082076,0.267475248,-0.018451806
122,PE,0.00358346,0.00163566,0.003131295,-0.010415075,0.277578846,-0.011928744
123,PE,0.003789513,0.001636463,0.003337301,-0.010236012,0.26519655,-0.011632421
124,PE,0.003522401,0.001643535,0.00306873,-0.008849878,0.282912396,-0.010165184
125,PE,0.003656164,0.001649628,0.003199963,-0.009870768,0.274181202,-0.011347518
126,PE,0.003774855,0.001631505,0.003323567,-0.009447463,0.265427421,-0.010624734
127,PE,0.004060473,0.001635253,0.003608924,-0.016839731,0.250554955,-0.019126743
128,PE,0.003758808,0.001664815,0.003297626,-0.013110639,0.268713075,-0.014956714
129,PE,0.003758434,0.001640509,0.003305255,-0.012957673,0.267530274,-0.014763397
130,PE,0.003583708,0.001641672,0.003129769,-0.007938838,0.278663184,-0.009021513
131,PE,0.003715673,0.001642631,0.003264054,-0.013598487,0.270364054,-0.015617605
132,PE,0.003613353,0.0016212,0.003164866,-0.011989726,0.273308351,-0.013813814
133,PE,0.003820845,0.001654798,0.00336782,-0.016097985,0.263166926,-0.018518518
134,PE,0.004176529,0.001640592,0.003741683,-0.022083592,0.244241033,-0.025462385
135,PE,0.00370369,0.001640024,0.00325032,-0.013924076,0.270670282,-0.016089109
136,PE,0.00357451,0.001641159,0.003120613,-0.010377565,0.278904421,-0.011834319
137,PE,0.003657557,0.001638568,0.003204541,-0.01373628,0.273508401,-0.015731244
138,PE,0.003835798,0.001771481,0.003338827,-0.015640569,0.265358102,-0.018553132
139,PE,0.003620259,0.001642143,0.003167918,-0.011506574,0.27629659,-0.013295176
140,PE,0.003610391,0.001648272,0.003157236,-0.011861177,0.277255846,-0.014105419
141,PE,0.003538933,0.00163606,0.003087041,-0.008839172,0.280520927,-0.01010101
142,PE,0.00407671,0.002165261,0.003459379,-0.021843366,0.25934803,-0.028482651
143,PE,0.004183962,0.002709066,0.003392236,-0.018427847,0.261066173,-0.025658125
144,PE,0.003652835,0.001638394,0.003201489,-0.014148657,0.273635086,-0.016371752
145,PE,0.003571682,0.001640137,0.003117561,-0.010668929,0.279139638,-0.012173384
146,PE,0.003662303,0.001634873,0.003210645,-0.014375795,0.272557694,-0.01658283
147,PE,0.003750877,0.001700818,0.003276262,-0.012315781,0.268827916,-0.014507772
148,PE,0.003655973,0.001640633,0.003203015,-0.012730106,0.273805765,-0.014445336
149,PE,0.003837997,0.001772566,0.003340353,-0.018037294,0.265061969,-0.021575514
150,PP,0.003578462,0.001703037,0.003116035,0.004190203,0.283298593,0.005081946
151,PP,0.003659497,0.001644251,0.003206067,0.004831643,0.274391367,0.00591716
152,PP,0.003616672,0.001645181,0.003164866,0.006352445,0.277368737,0.007708479
153,PP,0.003621953,0.001643504,0.003169444,0.00602881,0.27690539,0.007160804
154,PP,0.003769263,0.001632879,0.003320515,0.001915898,0.266121284,0.002586653
155,PP,0.003672269,0.001642167,0.003219801,0.004434937,0.273328994,0.005490196
156,PP,0.003639793,0.00164099,0.003187756,0.005245246,0.275161769,0.006497768
157,PP,0.003808458,0.001641187,0.003355613,0.000807379,0.264974013,0.001304632
158,PP,0.003621897,0.001658726,0.00316334,0.005860168,0.277329912,0.006993007
159,PP,0.003505212,0.001637094,0.00305347,0.006052576,0.282751316,0.007185629
160,PP,0.003799981,0.001660626,0.003338827,0.00155833,0.265797998,0.001834862
161,PP,0.003736965,0.001675652,0.00328084,0.002625193,0.270270941,0.003293963
162,PP,0.003744248,0.001662897,0.003297626,0.001854593,0.27015362,0.002517624
163,PP,0.003711136,0.001640908,0.003261002,0.001247247,0.270669577,0.001736614
164,PP,0.00371291,0.001660869,0.003259476,0.003470532,0.271480476,0.004096229
165,PP,0.003742903,0.001660425,0.003293048,0.000483197,0.26979924,0.000707714
166,PP,0.003541098,0.001642822,0.003088567,0.004269967,0.281585487,0.005187021
167,PP,0.003639766,0.001707765,0.00316334,0.00366631,0.277838626,0.0032881
168,PP,0.003537564,0.001646985,0.003085515,0.008466321,0.282577647,0.010117388
169,PP,0.003575141,0.001641668,0.003122139,0.006624221,0.279552798,0.007988381
170,PP,0.003485567,0.001644702,0.003032106,0.008973425,0.285620498,0.010802469
171,PP,0.003535131,0.001651171,0.003080938,0.006445824,0.282676104,0.007657585
172,PP,0.003941668,0.001709989,0.003482268,-0.000140075,0.259843202,0.00038956
173,PP,0.003809346,0.00168042,0.003352561,0.000896186,0.266627732,0.001541426
174,PP,0.003758677,0.001661079,0.003305255,-0.004278604,0.268538348,-0.004723733
175,PP,0.003540254,0.001677424,0.003074834,0.006057309,0.283689235,0.006813324
176,PP,0.003904273,0.001793128,0.003407496,0.00221455,0.264416601,0.002513194
177,PP,0.003693671,0.00164965,0.003244217,0.001134687,0.272036671,0.001359157
178,PP,0.003682968,0.001651421,0.003236587,0.002494839,0.273340373,0.002928687
179,PP,0.003586883,0.001732492,0.003102301,0.005963562,0.281097247,0.006829546
180,PP,0.003580682,0.001641317,0.003126717,0.00516733,0.27936833,0.006272964
181,PP,0.003637578,0.001647348,0.003187756,0.003550248,0.2754536,0.004561003
182,PP,0.003555514,0.001642992,0.003102301,0.003813811,0.28083876,0.004685548
183,PP,0.004706545,0.00250065,0.003785937,-0.010799393,0.243404517,-0.021510104
184,PP,0.003688785,0.001651866,0.003233535,0.004193051,0.272751761,0.005151267
185,PP,0.003719113,0.001657366,0.003267106,0.003619844,0.270457998,0.004427266
186,PP,0.003775273,0.001653085,0.003322041,0.00032631,0.266988027,0.000467509
187,PP,0.004719677,0.004022066,0.003457853,-0.008456662,0.259768348,-0.018228063
188,PP,0.003657806,0.0016443,0.003206067,0.005928601,0.274079191,0.007100974
189,PP,0.003619576,0.001640812,0.003167918,0.004343579,0.276447133,0.005532503
190,PP,0.003637072,0.001730141,0.00316334,0.004175896,0.278090487,0.004499632
191,PP,0.003565562,0.001645179,0.003114509,0.004080266,0.280213788,0.004989309
192,PP,0.003565071,0.001642188,0.003111457,0.007198757,0.280073118,0.008726003
193,PP,0.003657995,0.001643844,0.003206067,0.005237708,0.273874489,0.006246724
194,PP,0.003810786,0.001629605,0.003361716,-0.001444032,0.263211583,-0.001216545
195,PP,0.003711945,0.001639395,0.003259476,0.003876396,0.270343751,0.004852392
196,PP,0.003835664,0.001700034,0.003372398,0.000841252,0.265567973,0.00107527
197,PP,0.003760059,0.00163865,0.003306781,0.001480641,0.267440435,0.002068252
198,PP,0.003814238,0.001649366,0.003361716,0.000884819,0.264275751,0.001233553
199,PP,0.003678293,0.001725265,0.003195385,0.001859591,0.276993559,0.001009083
200,PS,0.003852608,0.00163902,0.003399866,0.003999811,0.262312537,0.005003872
201,PS,0.003816646,0.001637751,0.003363242,0.004320484,0.264262514,0.00540967
202,PS,0.003902668,0.001635031,0.003450223,0.003827467,0.259095444,0.004813478
203,PS,0.003941038,0.001732262,0.003448697,0.002845061,0.259820799,0.003709592
204,PS,0.00382184,0.001639646,0.003369346,0.002558026,0.264067393,0.003338247
205,PS,0.00372576,0.001638647,0.00327321,0.004739636,0.269538355,0.005850092
206,PS,0.004143808,0.001631987,0.003694378,-0.003421919,0.246306437,-0.003571227
207,PS,0.003908462,0.001633106,0.003457853,-7.42E-05,0.258422143,0.000476417
208,PS,0.003877196,0.001635403,0.003425807,0.000872084,0.260354536,0.001296177
209,PS,0.004409521,0.001809669,0.003874443,-0.010295657,0.237932152,-0.015699123
210,PS,0.003771491,0.001637304,0.003318989,0.001694476,0.26654241,0.002457002
211,PS,0.003908665,0.001633189,0.003457853,0.00034418,0.258324929,0.000767165
212,PS,0.003957045,0.001637151,0.003506684,0.000189423,0.2560541,0.00058072
213,PS,0.003870787,0.001626532,0.003425807,0.001093178,0.258764743,0.001494768
214,PS,0.003857971,0.001636698,0.003407496,0.001234126,0.261553263,0.001742666
215,PS,0.003842875,0.001636911,0.00339071,0.000563345,0.262309394,0.000978474
216,PS,0.003832714,0.00163164,0.00338308,0.000990278,0.262090702,0.001481481
217,PS,0.003996147,0.001631828,0.003544833,-0.000895006,0.253521969,-0.000643501
218,PS,0.00435318,0.001617662,0.003908014,-0.002853721,0.235165363,-0.002884615
219,PS,0.004198101,0.001630458,0.003752365,0.000286943,0.243539968,0.000530504
220,PS,0.003714663,0.001627888,0.003264054,0.005630319,0.268624186,0.006993007
221,PS,0.003890186,0.001635533,0.003438015,0.002837804,0.259862119,0.003638018
222,PS,0.003679787,0.0016419,0.003227431,0.005978881,0.272829667,0.007428895
223,PS,0.003890588,0.001633487,0.003439541,0.002448908,0.2595731,0.003121284
224,PS,0.0037299,0.00163674,0.003279314,0.003021559,0.268590799,0.004012036
225,PS,0.003901303,0.001635555,0.003451749,0.000196356,0.258963301,0.000552792
226,PS,0.003933078,0.001626305,0.00348532,0.001533948,0.255724853,0.002210895
227,PS,0.003795424,0.001636492,0.003343405,0.001709447,0.265004421,0.002283627
228,PS,0.003683611,0.001632185,0.003232009,0.004328691,0.271122331,0.005314303
229,PS,0.00369597,0.001643879,0.003245743,0.00417387,0.271421265,0.005114495
230,PS,0.004019998,0.001624966,0.003569249,-0.000598294,0.251402609,0
231,PS,0.003775459,0.001637042,0.003323567,0.004211438,0.266348575,0.005196733
232,PS,0.003786188,0.001638442,0.003334249,0.003796814,0.265721715,0.004813741
233,PS,0.003745458,0.001636498,0.003293048,0.005277222,0.268086851,0.0065434
234,PS,0.004037254,0.001661716,0.003573827,-0.003649114,0.252173096,-0.004307987
235,PS,0.003793301,0.001628939,0.003346457,0.001468254,0.263122482,0.001876173
236,PS,0.003883525,0.001635103,0.003431911,0.001325772,0.259954651,0.001802885
237,PS,0.003943165,0.001634042,0.00349295,-0.000849271,0.256446227,-0.000573066
238,PS,0.003805804,0.001634431,0.003352561,0.001258719,0.263991004,0.001609788
239,PS,0.003822275,0.001645944,0.003366294,0.000626825,0.263621578,0.001156738
240,PS,0.003745092,0.001635871,0.003293048,0.003014822,0.267997729,0.003828406
241,PS,0.003730198,0.001631085,0.003279314,0.002166751,0.268012183,0.00280112
242,PS,0.00381033,0.001634063,0.003358664,0.001914486,0.263894416,0.002692515
243,PS,0.003944966,0.001634108,0.003494476,-0.000614737,0.256557445,-0.000498505
244,PS,0.004030936,0.001630015,0.003581456,-0.002456738,0.251577828,-0.002446185
245,PS,0.003834423,0.0016452,0.003381554,0.004327455,0.263793165,0.005317263
246,PS,0.00403422,0.001633443,0.003582982,0.000663393,0.252035239,0.001077586
247,PS,0.003802281,0.001637113,0.003351035,0.002437647,0.26383257,0.00298107
248,PS,0.003949321,0.001634871,0.003497528,0.000665881,0.25648796,0.00120048
249,PS,0.005329039,0.006822249,0.003447171,-0.000685549,0.258826014,-0.005444431
250,POM,0.018641533,0.006262129,0.018616859,-0.055351004,0.153217182,-0.06063978
251,POM,0.012588303,0.00340711,0.011640115,-0.052050574,0.184978414,-0.057647059
252,POM,0.011850545,0.003414941,0.01089544,-0.046778921,0.193391047,-0.052071006
253,POM,0.013454668,0.00340177,0.012537386,-0.050275733,0.175685763,-0.055105002
254,POM,0.012071946,0.003396381,0.011127388,-0.048156506,0.189988239,-0.053412463
255,POM,0.012334538,0.003409052,0.011383751,-0.050926866,0.187682971,-0.056410256
256,POM,0.011764679,0.003389176,0.010822194,-0.045161927,0.193083913,-0.050318103
257,POM,0.012790953,0.003391014,0.011859855,-0.050693295,0.181547229,-0.056009335
258,POM,0.012006078,0.003420776,0.011054141,-0.047107258,0.191344399,-0.052378085
259,POM,0.012413578,0.00344578,0.011499725,-0.048765711,0.187077038,-0.05398773
260,POM,0.012388311,0.003404718,0.011438686,-0.050298935,0.187037815,-0.055733504
261,POM,0.012102827,0.003426296,0.011151804,-0.047553975,0.190656929,-0.05292172
262,POM,0.012546454,0.003558862,0.011560764,-0.049197441,0.18585904,-0.054341037
263,POM,0.011329402,0.003422674,0.01037661,-0.041442144,0.199795546,-0.046107332
264,POM,0.012182211,0.003397485,0.011237258,-0.047593005,0.188723738,-0.052951917
265,POM,0.012322388,0.003452661,0.011389855,-0.048348263,0.188387979,-0.053682896
266,POM,0.012933496,0.003541452,0.011957517,-0.052013242,0.181983903,-0.057441253
267,POM,0.01269586,0.003386051,0.011756089,-0.053266356,0.182874561,-0.058823529
268,POM,0.011566075,0.003457175,0.010614662,-0.039997595,0.197101219,-0.04445695
269,POM,0.012041577,0.003460826,0.011072453,-0.045643828,0.19100234,-0.050344379
270,POM,0.011745585,0.003427538,0.010791674,-0.045048841,0.194362,-0.050131926
271,POM,0.012119865,0.003477076,0.011170115,-0.043451765,0.190721623,-0.048184818
272,POM,0.012660956,0.005902716,0.010852713,-0.040878174,0.192140184,-0.043528073
273,POM,0.01176335,0.003434356,0.01081609,-0.042426457,0.194103016,-0.047272727
274,POM,0.012275084,0.003403273,0.011328816,-0.049434294,0.188130367,-0.055050519
275,POM,0.0129289,0.003419718,0.011988036,-0.050365036,0.181815726,-0.055819477
276,POM,0.011383903,0.003558209,0.010431545,-0.038530506,0.200298619,-0.043223443
277,POM,0.017300671,0.007829012,0.014936214,-0.069226708,0.159365422,-0.077777777
278,POM,0.01229558,0.003411211,0.011353232,-0.049258585,0.187638898,-0.054511186
279,POM,0.012843,0.003789394,0.011798816,-0.051614462,0.183192709,-0.057332528
280,POM,0.011964575,0.003420865,0.011023622,-0.045987091,0.192017957,-0.051000645
281,POM,0.01302281,0.003433074,0.012061283,-0.053709267,0.180217496,-0.059561128
282,POM,0.011276786,0.003416279,0.010327779,-0.043165103,0.200267211,-0.048166786
283,POM,0.012230797,0.00339501,0.011292193,-0.047503268,0.18819743,-0.052519894
284,POM,0.011457861,0.003430185,0.010504792,-0.043875147,0.198407062,-0.049006622
285,POM,0.011420688,0.003402448,0.010480376,-0.043243854,0.197618574,-0.048155097
286,POM,0.011406913,0.003405034,0.01045596,-0.043591802,0.198000792,-0.048625793
287,POM,0.013602056,0.004247203,0.012494659,-0.056262484,0.177635651,-0.062418158
288,POM,0.012680658,0.003521116,0.011707258,-0.049051783,0.184093405,-0.054734976
289,POM,0.011060877,0.003436011,0.010108039,-0.040492366,0.203681319,-0.045419553
290,POM,0.0109853,0.0034327,0.010034792,-0.032642605,0.204732691,-0.03652968
291,POM,0.012850725,0.003411062,0.011908686,-0.047970482,0.182483922,-0.053066038
292,POM,0.013202323,0.00436288,0.011811024,-0.051113042,0.184012869,-0.058470764
293,POM,0.012058544,0.003409017,0.011109076,-0.045868925,0.19126004,-0.051246851
294,POM,0.013072561,0.007840063,0.010999206,-0.046643903,0.191466984,-0.054642145
295,POM,0.011718625,0.003411795,0.010767259,-0.048024601,0.194687573,-0.053503185
296,POM,0.012369265,0.003391897,0.011426479,-0.050501491,0.186635212,-0.055911275
297,POM,0.012437125,0.003871652,0.011298297,-0.047713945,0.187784746,-0.052510098
298,POM,0.011674707,0.003416359,0.010718428,-0.045867197,0.195563856,-0.051223916
299,POM,0.012052262,0.00340775,0.011102973,-0.048814187,0.190718341,-0.054204012
300,PVC,0.050350248,0.003210547,0.049667338,-0.098431805,0.085670197,-0.103701856
301,PVC,0.042917697,0.00319154,0.042141244,-0.100261502,0.090836381,-0.105868475
302,PVC,0.054895252,0.003253356,0.054281878,-0.100780231,0.08328419,-0.105943152
303,PVC,0.050778927,0.003395223,0.050198376,-0.103682254,0.085842605,-0.109009279
304,PVC,0.051009164,0.003212795,0.05034487,-0.103530841,0.085522004,-0.109002433
305,PVC,0.055695831,0.003272956,0.055099799,-0.104022506,0.082811202,-0.109405857
306,PVC,0.059820765,0.00535971,0.05907343,-0.108425584,0.080713291,-0.11363176
307,PVC,0.048163525,0.003421461,0.047506562,-0.102714479,0.087572067,-0.108146068
308,PVC,0.054329727,0.003307803,0.053769151,-0.10346842,0.083689429,-0.108802098
309,PVC,0.046825388,0.003189563,0.046096564,-0.101065915,0.088091236,-0.106734892
310,PVC,0.057171505,0.003249576,0.056552524,-0.104147818,0.082252102,-0.109361424
311,PVC,0.046309779,0.003136608,0.045583837,-0.099974256,0.088904996,-0.10552567
312,PVC,0.059407156,0.003365795,0.058890313,-0.110534008,0.080856594,-0.115897548
313,PVC,0.048388252,0.003189578,0.04770799,-0.100518868,0.08754866,-0.105916155
314,PVC,0.054209547,0.003228648,0.053598242,-0.103560891,0.083392621,-0.108933407
315,PVC,0.042464504,0.003281445,0.041781115,-0.099030467,0.092267749,-0.104758888
316,PVC,0.053669385,0.003268248,0.053073308,-0.105223546,0.083535691,-0.110715133
317,PVC,0.056894406,0.00322937,0.056277849,-0.108733913,0.082297607,-0.114160451
318,PVC,0.061170492,0.003208759,0.060556675,-0.106720712,0.080281638,-0.111909456
319,PVC,0.055729666,0.003293758,0.055160837,-0.104679946,0.082994577,-0.109936575
320,PVC,0.062580489,0.00341249,0.062149789,-0.111976931,0.079750221,-0.117203755
321,PVC,0.054910788,0.003194118,0.054263566,-0.104034024,0.083614333,-0.109343012
322,PVC,0.05323184,0.003112159,0.052499542,-0.103755022,0.084170289,-0.109244571
323,PVC,0.040090804,0.003212888,0.039339559,-0.098015287,0.094486605,-0.103818336
324,PVC,0.05624766,0.003292168,0.055655252,-0.105310675,0.082612486,-0.11061381
325,PVC,0.039348752,0.003205204,0.038588781,-0.098705241,0.095029715,-0.10464563
326,PVC,0.043659287,0.003303649,0.042898126,-0.097917715,0.09112286,-0.103597693
327,PVC,0.063157516,0.003288694,0.062589269,-0.112800044,0.079629689,-0.118026267
328,PVC,0.058638966,0.003290783,0.058029665,-0.108961886,0.081690602,-0.11420785
329,PVC,0.039055582,0.003303953,0.038399561,-0.098509306,0.095252056,-0.104426434
330,PVC,0.038552081,0.003280865,0.037813587,-0.093661478,0.095507216,-0.099282296
331,PVC,0.046313818,0.003195641,0.045663187,-0.097885132,0.088220516,-0.103225806
332,PVC,0.041579544,0.00326683,0.040914362,-0.096718079,0.092673298,-0.102201874
333,PVC,0.051238773,0.00323162,0.050570714,-0.102522056,0.085745775,-0.10788918
334,PVC,0.051484892,0.003308703,0.050912531,-0.104071624,0.085486633,-0.109408408
335,PVC,0.040830723,0.003193219,0.04004761,-0.09984865,0.093829243,-0.105607742
336,PVC,0.055170377,0.003201222,0.054483306,-0.107137729,0.083553698,-0.112454111
337,PVC,0.047985467,0.003256541,0.047360068,-0.100840223,0.088015589,-0.106222915
338,PVC,0.034559651,0.003230071,0.033760606,-0.097743098,0.100780974,-0.103739965
339,PVC,0.046080532,0.003271862,0.045443447,-0.098237231,0.089565782,-0.103702709
340,PVC,0.045731332,0.003202166,0.045046695,-0.100573057,0.089505177,-0.106058466
341,PVC,0.050327024,0.032773715,0.040755661,-0.089537573,0.093974254,-0.093649115
342,PVC,0.056088347,0.003386651,0.055563694,-0.108660107,0.083103614,-0.113963571
343,PVC,0.047951854,0.003259128,0.047335653,-0.105308558,0.088108205,-0.110933546
344,PVC,0.051500872,0.00331727,0.050943051,-0.106011992,0.085772879,-0.111540648
345,PVC,0.044851847,0.003305655,0.044137215,-0.104028891,0.090155883,-0.109694209
346,PVC,0.051661355,0.00318058,0.050967466,-0.106181321,0.085717918,-0.111628435
347,PVC,0.054671689,0.003180507,0.054001099,-0.108327474,0.084117301,-0.113716428
348,PVC,0.048290789,0.003205051,0.047610328,-0.105217569,0.087862435,-0.110936167
349,PVC,0.047525513,0.003203054,0.046865653,-0.105350459,0.088365376,-0.110992028
350,PET,0.063356816,0.004278547,0.062660227,-0.073302815,0.093764224,-0.077884815
351,PET,0.090092794,0.005218181,0.090041888,-0.080949653,0.084210168,-0.085131382
352,PET,0.08538743,0.004825813,0.085082479,-0.078989436,0.085578477,-0.083404987
353,PET,0.061268495,0.004213601,0.060533404,-0.072600719,0.094699326,-0.077305931
354,PET,0.088101064,0.004185809,0.087438198,-0.076612322,0.085093576,-0.080936455
355,PET,0.107381786,0.007787189,0.108191418,-0.085768143,0.080299797,-0.089999098
356,PET,0.064835993,0.004911334,0.064634453,-0.071296853,0.09333279,-0.07571399
357,PET,0.090107853,0.013158076,0.093914042,-0.078722706,0.084387177,-0.082747633
358,PET,0.072750126,0.006050862,0.073094061,-0.073315034,0.090064464,-0.077725682
359,PET,0.087400605,0.005329845,0.08746681,-0.078931798,0.085137342,-0.083099413
360,PET,0.067615773,0.004017419,0.066799426,-0.072274057,0.091903116,-0.076839676
361,PET,0.069176524,0.004453088,0.068668742,-0.071573416,0.0911592,-0.07606973
362,PET,0.087848747,0.004418354,0.087447735,-0.075463859,0.084835353,-0.079655318
363,PET,0.062769495,0.004345241,0.062183361,-0.073875444,0.094059971,-0.078492997
364,PET,0.078087686,0.00438261,0.077633828,-0.074431331,0.087907945,-0.078673563
365,PET,0.058753317,0.004285898,0.058006012,-0.070691548,0.09590554,-0.07536856
366,PET,0.091141938,0.004820888,0.090967008,-0.079126142,0.083937757,-0.083404529
367,PET,0.072839568,0.004133854,0.072102179,-0.072243825,0.089717798,-0.076672547
368,PET,0.093732516,0.004562518,0.093379952,-0.079680659,0.083317831,-0.083852369
369,PET,0.081398657,0.004178735,0.080790682,-0.074193789,0.086750585,-0.078471285
370,PET,0.069171919,0.004638524,0.068811802,-0.073387858,0.091377966,-0.077837532
371,PET,0.085959839,0.004565034,0.085530733,-0.078532032,0.085642674,-0.082782205
372,PET,0.058627643,0.004302223,0.057901102,-0.072265729,0.095992992,-0.076973738
373,PET,0.090387381,0.004303572,0.089832067,-0.079690078,0.084169824,-0.083931102
374,PET,0.093652701,0.004636204,0.093284579,-0.079952124,0.083407085,-0.08414951
375,PET,0.093256539,0.004457477,0.09292216,-0.080075519,0.08347204,-0.084236864
376,PET,0.102369177,0.004566241,0.10204938,-0.084615013,0.081038551,-0.088870277
377,PET,0.077157029,0.004738469,0.076823155,-0.076381218,0.088177177,-0.080716949
378,PET,0.077742903,0.004442675,0.077280947,-0.07618048,0.088227824,-0.080502264
379,PET,0.089330974,0.004439956,0.088983245,-0.078323418,0.084492897,-0.08252829
380,PET,0.085655407,0.004382383,0.08514924,-0.077143683,0.085635751,-0.081404756
381,PET,0.077464404,0.004273823,0.076851767,-0.071998392,0.088287366,-0.076341555
382,PET,0.085434007,0.006524286,0.086303256,-0.079331354,0.085548924,-0.083562999
383,PET,0.106465281,0.004869968,0.106303028,-0.086151208,0.080223515,-0.090288996
384,PET,0.069176829,0.005744812,0.069450803,-0.071508357,0.091443073,-0.076004343
385,PET,0.123096054,0.006126636,0.123899393,-0.09568553,0.076482914,-0.099522952
386,PET,0.115302189,0.005821474,0.115764054,-0.090333194,0.078074971,-0.094390526
387,PET,0.075511802,0.0044335,0.075068287,-0.074632315,0.088888207,-0.078985459
388,PET,0.100865814,0.004255248,0.100256363,-0.085193425,0.081352357,-0.089513072
389,PET,0.090565703,0.004482702,0.090204022,-0.078409071,0.084268555,-0.082608695
390,PET,0.083606595,0.004509524,0.083346686,-0.077368253,0.086119073,-0.081584023
391,PET,0.063996747,0.004539771,0.063604422,-0.075038688,0.093403184,-0.079668379
392,PET,0.075572323,0.004603437,0.075259034,-0.074565132,0.088972958,-0.078826485
393,PET,0.089779201,0.004993141,0.089832067,-0.078959485,0.084442413,-0.083111338
394,PET,0.061484716,0.004326088,0.060886285,-0.071326391,0.094777671,-0.075845263
395,PET,0.078743051,0.004749618,0.078492187,-0.073758788,0.087949653,-0.078049657
396,PET,0.077654053,0.005038038,0.077786425,-0.072748793,0.088405048,-0.076941302
397,PET,0.082474066,0.004623456,0.082240356,-0.075202191,0.086685582,-0.07939744
398,PET,0.07478746,0.004813996,0.074372063,-0.074531101,0.088962287,-0.078909042
399,PET,0.068789609,0.004673262,0.068544757,-0.073798725,0.091303845,-0.078215802
400,PU,0.029031427,0.005804724,0.029289126,-0.07043589,0.129767955,-0.07810691
401,PU,0.033952541,0.004309113,0.032894235,-0.072032221,0.116998202,-0.077078002
402,PU,0.027056498,0.004250107,0.02592245,-0.067287583,0.131750914,-0.072463768
403,PU,0.033499875,0.004184345,0.032436443,-0.077251335,0.117138242,-0.082574199
404,PU,0.028484487,0.004302127,0.02741981,-0.071457617,0.128233752,-0.076757916
405,PU,0.03490488,0.004229988,0.033857505,-0.080833891,0.115474538,-0.086288416
406,PU,0.031331493,0.004200475,0.030214246,-0.076118054,0.121668845,-0.081525312
407,PU,0.033985414,0.004224245,0.032941922,-0.084299795,0.116670676,-0.090015361
408,PU,0.031974292,0.004201486,0.030900934,-0.079122055,0.119910766,-0.084637496
409,PU,0.034872631,0.004216853,0.03383843,-0.082680004,0.115208917,-0.088398405
410,PU,0.032578622,0.004167431,0.031482711,-0.079811597,0.118470856,-0.085403684
411,PU,0.031497488,0.004264334,0.030433605,-0.080955044,0.121482142,-0.086574655
412,PU,0.028285145,0.004259247,0.027162302,-0.06635264,0.128709682,-0.071455155
413,PU,0.027861203,0.00425849,0.026733123,-0.073496773,0.129751584,-0.078938053
414,PU,0.041631695,0.004201352,0.040667155,-0.075171413,0.106802136,-0.080371808
415,PU,0.032019433,0.004166672,0.030939083,-0.081177931,0.119641571,-0.086824387
416,PU,0.032513757,0.00420137,0.031454099,-0.079588824,0.118931972,-0.085201793
417,PU,0.030210413,0.004212409,0.029088842,-0.077685341,0.123992153,-0.083232685
418,PU,0.07544727,0.004046642,0.074734481,-0.072479765,0.088841578,-0.076825798
419,PU,0.032967571,0.004206227,0.031864204,-0.078268281,0.118794609,-0.083769633
420,PU,0.029400418,0.004275277,0.028392617,-0.077494893,0.125335266,-0.082998172
421,PU,0.037499231,0.004169695,0.036461195,-0.090333142,0.111336763,-0.096232179
422,PU,0.030669592,0.004321542,0.029651544,-0.07653759,0.123322718,-0.082140634
423,PU,0.026583551,0.004261854,0.025483733,-0.0665034,0.132828026,-0.071702557
424,PU,0.032937604,0.004193567,0.031873741,-0.076625917,0.118219332,-0.082038533
425,PU,0.04044572,0.004319959,0.039532213,-0.073964453,0.108646688,-0.079380806
426,PU,0.03519367,0.004207844,0.034181774,-0.082343422,0.114518955,-0.087856743
427,PU,0.031771142,0.004271978,0.030767411,-0.080714744,0.120667781,-0.086342229
428,PU,0.028747932,0.004390029,0.027744079,-0.069764836,0.127055823,-0.074965612
429,PU,0.03729846,0.004266352,0.036346747,-0.083952964,0.112092867,-0.089651503
430,PU,0.032138872,0.004286498,0.03109168,-0.079663202,0.120080676,-0.085168249
431,PU,0.036300147,0.004191412,0.035221342,-0.080991207,0.113142397,-0.086628683
432,PU,0.034404357,0.004218855,0.033352026,-0.083843891,0.115875575,-0.089512555
433,PU,0.034204724,0.004248532,0.033199429,-0.077863938,0.11613023,-0.083381586
434,PU,0.031285096,0.004222074,0.030176097,-0.078984543,0.12172579,-0.084549794
435,PU,0.035396355,0.004756803,0.034172236,-0.082022044,0.114890434,-0.087709005
436,PU,0.030047729,0.004291525,0.028983932,-0.077772273,0.124403774,-0.083471899
437,PU,0.024577776,0.004264122,0.023423671,-0.060664825,0.139409232,-0.065749892
438,PU,0.028295031,0.004353381,0.02727675,-0.07314907,0.128610505,-0.078453884
439,PU,0.030346057,0.004211599,0.029241439,-0.07136516,0.123822447,-0.076623376
440,PU,0.033368407,0.00414462,0.032283846,-0.081925692,0.117385707,-0.087538307
441,PU,0.034889015,0.004215756,0.033847967,-0.08260952,0.115103718,-0.088235294
442,PU,0.030151483,0.004233979,0.029069767,-0.075100048,0.124198824,-0.08056266
443,PU,0.03153806,0.004194949,0.030404993,-0.078609416,0.121472936,-0.084170854
444,PU,0.029315848,0.004228766,0.028192334,-0.079078965,0.126091499,-0.084745762
445,PU,0.037073643,0.004219818,0.03601294,-0.08644552,0.112273968,-0.092180217
446,PU,0.032392894,0.004252314,0.031349188,-0.085915598,0.119625061,-0.091787439
447,PU,0.02717305,0.004218857,0.026036898,-0.070602176,0.131006254,-0.075917181
448,PU,0.034502845,0.004190984,0.033437862,-0.084064801,0.115911732,-0.089777777
449,PU,0.031609354,0.004274867,0.030576665,-0.076494651,0.121161422,-0.081978554
450,ABS,0.237328473,0.006001995,0.236859473,-0.015229939,0.055831841,-0.01453702
451,ABS,0.20491725,0.005944543,0.204270433,-0.040862349,0.069812443,-0.039939249
452,ABS,0.225025543,0.006024948,0.224556324,-0.022680301,0.06153265,-0.02167496
453,ABS,0.200576488,0.005884434,0.199940487,-0.045874105,0.071377317,-0.045093093
454,ABS,0.216023931,0.006016373,0.215514939,-0.029933185,0.065516204,-0.028761838
455,ABS,0.185336138,0.005424261,0.184718916,-0.064892101,0.075145036,-0.065428257
456,ABS,0.220480478,0.005934529,0.219911646,-0.026175552,0.063580683,-0.025073779
457,ABS,0.170363822,0.00812812,0.171099615,-0.084740457,0.077013348,-0.08646521
458,ABS,0.245389092,0.005895307,0.244832677,-0.011373339,0.051985637,-0.01089657
459,ABS,0.28646629,0.005739183,0.286033922,-0.00219145,0.030066898,-0.00182621
460,ABS,0.140431044,0.00436137,0.139769502,-0.107537501,0.073955951,-0.111065907
461,ABS,0.215700591,0.006096371,0.215200208,-0.030180533,0.06553338,-0.029044401
462,ABS,0.155907304,0.004577138,0.155219969,-0.099262858,0.074968937,-0.102277752
463,ABS,0.265970063,0.006109659,0.265700345,-0.005421517,0.041488057,-0.005351422
464,ABS,0.243014047,0.005915317,0.242496032,-0.012573227,0.05318221,-0.012027831
465,ABS,0.254261067,0.006261741,0.25434139,-0.008305009,0.047614024,-0.00790323
466,ABS,0.227331615,0.005938863,0.22677852,-0.021091896,0.060462517,-0.020152855
467,ABS,0.308156276,0.00382766,0.308532473,0.000240308,0.013229135,0
468,ABS,0.26040568,0.006133561,0.260140084,-0.006611882,0.044456698,-0.006481731
469,ABS,0.304313623,0.004881703,0.304393274,-0.000237469,0.017281686,0
470,ABS,0.192030259,0.005715226,0.191423656,-0.056456202,0.073840619,-0.056300813
471,ABS,0.151655418,0.00448546,0.150966322,-0.102051391,0.074542616,-0.105206353
472,ABS,0.196940954,0.005706029,0.196297229,-0.050163062,0.072477324,-0.049645058
473,ABS,0.164605485,0.004856451,0.163975233,-0.090485916,0.075715712,-0.092995242
474,ABS,0.183709851,0.00565196,0.183288317,-0.067201013,0.075423966,-0.067847188
475,ABS,0.196623638,0.00580598,0.195992034,-0.050647656,0.072608418,-0.050113679
476,ABS,0.226176721,0.005963062,0.225576817,-0.021878976,0.061012448,-0.020906524
477,ABS,0.232006366,0.005967759,0.231518571,-0.018111941,0.05834081,-0.017262663
478,ABS,0.20109212,0.005859982,0.200426891,-0.045420269,0.071160173,-0.044654811
479,ABS,0.207350724,0.006034998,0.206807361,-0.038286561,0.068930356,-0.037257824
480,ABS,0.186223792,0.005532402,0.185624962,-0.063850327,0.074963744,-0.064269458
481,ABS,0.197561006,0.005738888,0.19693623,-0.049428352,0.072205664,-0.048890606
482,ABS,0.205010022,0.005869837,0.204365806,-0.040635315,0.069715855,-0.039726127
483,ABS,0.183097807,0.005299644,0.182429958,-0.067899393,0.075391981,-0.068691215
484,ABS,0.271643734,0.005928223,0.271241531,-0.004308015,0.038468101,-0.004213239
485,ABS,0.207571025,0.005924761,0.206940884,-0.038068685,0.068860464,-0.037043694
486,ABS,0.253166671,0.005829394,0.252653284,-0.008812303,0.048184686,-0.008515793
487,ABS,0.233233714,0.005908203,0.232691662,-0.017441242,0.057838365,-0.016625514
488,ABS,0.191096895,0.005520991,0.190412699,-0.057367205,0.073962691,-0.057357107
489,ABS,0.245717619,0.005977993,0.245309543,-0.01124568,0.051791009,-0.010791088
490,ABS,0.186419507,0.005358342,0.185758484,-0.063485167,0.074921083,-0.063917635
491,ABS,0.197142887,0.005872921,0.196583349,-0.050093166,0.072464318,-0.049488302
492,ABS,0.259741363,0.00613639,0.259482009,-0.006909754,0.044790083,-0.006766409
493,ABS,0.192060786,0.005759714,0.191499954,-0.056231909,0.073704794,-0.056119272
494,ABS,0.227041847,0.005983089,0.226540087,-0.021345115,0.060609768,-0.020363096
495,ABS,0.218173897,0.006060482,0.2176513,-0.027971174,0.064589668,-0.02681381
496,ABS,0.16502189,0.004868721,0.164385338,-0.089810501,0.075681073,-0.092261993
497,ABS,0.209902111,0.006019234,0.20934429,-0.035675364,0.067944047,-0.034568355
498,ABS,0.222392939,0.006933157,0.222801456,-0.025074116,0.062851447,-0.023895351
499,ABS,0.209652605,0.005886558,0.209010483,-0.035943126,0.068059342,-0.034863572
500,PE-LD,0.003541883,0.001670559,0.00307636,0.000317404,0.283512635,0.000995026
501,PE-LD,0.003600991,0.001689532,0.003126717,-0.005696044,0.27843566,-0.007247759
502,PE-LD,0.003552375,0.001666162,0.003087041,-0.004328645,0.281722847,-0.005556743
503,PE-LD,0.003779016,0.001636005,0.003326619,-0.008941409,0.265696859,-0.010106204
504,PE-LD,0.00363,0.001630304,0.0031786,-0.005704104,0.273539194,-0.00633045
505,PE-LD,0.004096716,0.002731359,0.003312885,-0.0128776,0.265942761,-0.018726592
506,PE-LD,0.00349634,0.001639672,0.003042788,-0.004944741,0.283896681,-0.005607477
507,PE-LD,0.003676371,0.001640319,0.003221327,-0.006728399,0.272005092,-0.007883566
508,PE-LD,0.003585965,0.001638522,0.003132821,-0.007104058,0.277607802,-0.00795756
509,PE-LD,0.003575314,0.001642055,0.003122139,-0.005442816,0.278719046,-0.006076975
510,PE-LD,0.004149952,0.002788151,0.003335775,-0.011996041,0.265163105,-0.016806723
511,PE-LD,0.003668771,0.001635086,0.003216749,-0.006594904,0.272289684,-0.007661007
512,PE-LD,0.003519274,0.001640674,0.003064152,-0.002261852,0.282492041,-0.002409639
513,PE-LD,0.003612837,0.001639891,0.003160288,-0.005401608,0.275953286,-0.006088501
514,PE-LD,0.003577159,0.001631328,0.003128243,-0.008159712,0.276868341,-0.009311303
515,PE-LD,0.003726706,0.001636291,0.003274736,-0.011398483,0.268595604,-0.01293723
516,PE-LD,0.00361404,0.001637166,0.003161814,-0.008565252,0.275818851,-0.009836066
517,PE-LD,0.003601773,0.001637704,0.003149606,-0.006814124,0.276564106,-0.007824726
518,PE-LD,0.003911967,0.001688014,0.003499054,-0.018366128,0.260602432,-0.022251526
519,PE-LD,0.003484855,0.001640675,0.003032106,-0.003355627,0.28464648,-0.003756221
520,PE-LD,0.00374832,0.001635815,0.003297626,-0.01426721,0.266895756,-0.016387848
521,PE-LD,0.003517833,0.001640561,0.003064152,-0.004047619,0.282493096,-0.004366812
522,PE-LD,0.003578622,0.001637843,0.003125191,-0.005246096,0.278043055,-0.005907505
523,PE-LD,0.003521556,0.001640135,0.003067204,-0.001714984,0.282310041,-0.00170697
524,PE-LD,0.003634076,0.001643459,0.003183178,-0.007090732,0.274548062,-0.007989757
525,PE-LD,0.003689364,0.001636521,0.003236587,-0.009605833,0.271004588,-0.010989011
526,PE-LD,0.004190184,0.002384124,0.003465483,-0.015553669,0.258998102,-0.02355219
527,PE-LD,0.005502386,0.005210339,0.003778307,-0.026142501,0.24361067,-0.039229426
528,PE-LD,0.003729191,0.00200504,0.003174022,-0.007857481,0.27507087,-0.009678865
529,PE-LD,0.003608243,0.001635857,0.003158762,-0.00828057,0.275514811,-0.00990099
530,PE-LD,0.003658467,0.001649934,0.003203015,-0.00477841,0.274722126,-0.005345552
531,PE-LD,0.003634009,0.001660964,0.003172496,-0.006343009,0.276253433,-0.007486631
532,PE-LD,0.004306917,0.003241026,0.003419703,-0.015724174,0.260291421,-0.020754717
533,PE-LD,0.00450181,0.002929604,0.003590612,-0.020063443,0.252351918,-0.02683062
534,PE-LD,0.003757358,0.001640478,0.003303729,-0.008024079,0.267150129,-0.009035428
535,PE-LD,0.00363232,0.00163756,0.003180126,-0.008418924,0.274429794,-0.009623149
536,PE-LD,0.0035617,0.0016409,0.003109931,-0.004838113,0.279573655,-0.005655818
537,PE-LD,0.003648072,0.001624206,0.003198437,-0.008300224,0.271593899,-0.009463722
538,PE-LD,0.00365869,0.00163751,0.003206067,-0.008091102,0.272868449,-0.009198423
539,PE-LD,0.003793,0.001643801,0.003344931,-0.011011003,0.26480574,-0.012345679
540,PE-LD,0.003623862,0.001630375,0.003172496,-0.006858978,0.274033681,-0.007800312
541,PE-LD,0.003656258,0.0016404,0.003203015,-0.009914158,0.273253533,-0.011261261
542,PE-LD,0.003664635,0.001681989,0.003196911,-0.008372602,0.274702014,-0.010942059
543,PE-LD,0.003591838,0.001625255,0.003141976,-0.007370844,0.275108262,-0.00836728
544,PE-LD,0.003706054,0.001637151,0.003254898,-0.011148118,0.26971988,-0.012765957
545,PE-LD,0.003761886,0.001643124,0.003309833,-0.014294639,0.266753763,-0.016514519
546,PE-LD,0.003643883,0.001638523,0.003190808,-0.009699732,0.273723948,-0.011071682
547,PE-LD,0.003613136,0.001638266,0.003160288,-0.008079767,0.275870062,-0.009161381
548,PE-LD,0.003552855,0.001641725,0.003099249,-0.005543295,0.280174647,-0.006163693
549,PE-LD,0.003548878,0.001640395,0.003096197,-0.006683007,0.280230308,-0.007674036
550,SAN,0.019985206,0.003334598,0.019074651,-0.055636362,0.137202316,-0.060218978
551,SAN,0.020269871,0.003377611,0.019404261,-0.055483894,0.136025839,-0.060207612
552,SAN,0.022213156,0.003306214,0.021345297,-0.059412999,0.12833776,-0.063943778
553,SAN,0.02042734,0.003336799,0.019538546,-0.058093476,0.134659928,-0.062783326
554,SAN,0.021393428,0.003329396,0.020539584,-0.058961841,0.131436278,-0.063543004
555,SAN,0.020414044,0.003361211,0.019538546,-0.058493768,0.13558779,-0.063088689
556,SAN,0.019713372,0.003352403,0.018842703,-0.058835113,0.137783456,-0.063372985
557,SAN,0.019431287,0.003385231,0.018568028,-0.058189223,0.139399723,-0.062725306
558,SAN,0.021562226,0.003306036,0.020673869,-0.059578322,0.130875614,-0.064267352
559,SAN,0.020308177,0.003325866,0.019440884,-0.058976046,0.135235837,-0.063591433
560,SAN,0.01932344,0.003368677,0.018458158,-0.058038524,0.139921298,-0.062812277
561,SAN,0.02051658,0.003331075,0.019624,-0.058837245,0.134891212,-0.063467962
562,SAN,0.020878115,0.003327808,0.01998413,-0.059504265,0.133632922,-0.064194988
563,SAN,0.018873068,0.003349556,0.017957639,-0.056602872,0.141913629,-0.061296596
564,SAN,0.019675974,0.003370432,0.018818287,-0.057785188,0.138085269,-0.062278839
565,SAN,0.020865149,0.003393497,0.020039065,-0.056426668,0.133821065,-0.061038764
566,SAN,0.020400537,0.00331221,0.019501923,-0.059824914,0.13490928,-0.064613324
567,SAN,0.018617969,0.003342857,0.017701276,-0.054902332,0.14311288,-0.059486317
568,SAN,0.018840517,0.003366074,0.017939327,-0.056021084,0.142127307,-0.060734463
569,SAN,0.02006651,0.003359643,0.019196728,-0.057684964,0.136878278,-0.062297326
570,SAN,0.01996814,0.003319635,0.019074651,-0.057832969,0.136698977,-0.0624346
571,SAN,0.019708795,0.003351777,0.018824391,-0.056899646,0.137959112,-0.061381426
572,SAN,0.019728105,0.003358633,0.018861014,-0.057683366,0.138264343,-0.062355658
573,SAN,0.019256207,0.003360688,0.018354392,-0.056208849,0.140234357,-0.060725835
574,SAN,0.019628776,0.003342236,0.018726729,-0.058289969,0.13859882,-0.062972292
575,SAN,0.022131076,0.003340135,0.021259843,-0.060124112,0.129313219,-0.064770932
576,SAN,0.021536179,0.003396234,0.020710493,-0.061948353,0.131003591,-0.066708036
577,SAN,0.018335983,0.003340995,0.017414393,-0.055136675,0.144541516,-0.05973025
578,SAN,0.019781279,0.003331182,0.018879326,-0.057430358,0.1380691,-0.062258178
579,SAN,0.02036804,0.003341506,0.019489715,-0.058429842,0.135500099,-0.063137105
580,SAN,0.017221143,0.003378326,0.016297381,-0.056224623,0.150338928,-0.061158363
581,SAN,0.018959414,0.003339693,0.018049197,-0.057368487,0.141137945,-0.06208469
582,SAN,0.020137042,0.003338436,0.019239456,-0.058546747,0.136190823,-0.063257948
583,SAN,0.018421029,0.003350623,0.017512055,-0.053970207,0.144136365,-0.058426966
584,SAN,0.021265264,0.003312349,0.020386987,-0.060071881,0.131759194,-0.064776023
585,SAN,0.023392737,0.0033233,0.022535555,-0.060864295,0.12529383,-0.065508706
586,SAN,0.01946453,0.003348379,0.018568028,-0.059182155,0.13933368,-0.063887021
587,SAN,0.021221712,0.00366062,0.020209974,-0.059406635,0.132465269,-0.064249034
588,SAN,0.020501744,0.00330338,0.019599585,-0.058402863,0.134588905,-0.063026626
589,SAN,0.02334327,0.003330818,0.022474516,-0.061204079,0.125404557,-0.065975359
590,SAN,0.021014693,0.003390832,0.020179454,-0.060725094,0.133183071,-0.065357367
591,SAN,0.018980336,0.00332842,0.018091925,-0.05749785,0.140707325,-0.06214331
592,SAN,0.01731085,0.003333995,0.016401148,-0.056436515,0.149221874,-0.061208267
593,SAN,0.020534357,0.003318485,0.019660624,-0.065883159,0.134163059,-0.070983441
594,SAN,0.020712407,0.003326383,0.019801013,-0.058386507,0.134169354,-0.06306803
595,SAN,0.019892999,0.004256113,0.018824391,-0.058466635,0.137791911,-0.063076355
596,SAN,0.018688346,0.003354404,0.017805042,-0.058603949,0.142538929,-0.063407722
597,SAN,0.020415532,0.003332974,0.019514131,-0.058078442,0.13527081,-0.062782315
598,SAN,0.020879253,0.003346888,0.020026857,-0.060648933,0.133183366,-0.065503411
599,SAN,0.020631937,0.003364114,0.019770494,-0.057627167,0.134545725,-0.062275449
