,polymer,mean(ni),median(ni),standard_deviation(ni),variance(ni),iqr(ni),range(ni),mean(nid),median(nid),standard_deviation(nid),variance(nid),iqr(nid),range(nid)
0,PA,0.009365896,0.008583593,0.002825759,7.98E-06,0.002551764,0.053845619,-0.276781372,-0.307875894,0.207547734,0.043076062,0.242873081,1.654360651
1,PA,0.007270636,0.006476904,0.002855118,8.15E-06,0.002581436,0.054087231,-0.196968372,-0.225367469,0.24920974,0.062105494,0.308463385,1.743541605
2,PA,0.00697486,0.006216923,0.002756422,7.60E-06,0.002531983,0.050235565,-0.210128476,-0.240617038,0.25281833,0.063917108,0.318094376,1.716917824
3,PA,0.010030709,0.009249086,0.002815453,7.93E-06,0.002543287,0.054990098,-0.298975033,-0.329870129,0.197330748,0.038939424,0.228032291,1.660835488
4,PA,0.009032459,0.008138518,0.00316087,9.99E-06,0.002683168,0.054468724,-0.266939901,-0.298268119,0.215274363,0.046343052,0.254918967,1.694121646
5,PA,0.008796444,0.008011353,0.002832326,8.02E-06,0.002556003,0.054506874,-0.259358152,-0.290283644,0.216654466,0.046939158,0.25621693,1.715046846
6,PA,0.008854087,0.008066458,0.002827696,8.00E-06,0.002547526,0.054375471,-0.261480274,-0.292461021,0.215686422,0.046520632,0.254993323,1.707968441
7,PA,0.009085555,0.008299592,0.002833951,8.03E-06,0.002564481,0.05487565,-0.273859388,-0.305414423,0.212186361,0.045023052,0.249789779,1.696150075
8,PA,0.008300256,0.007515412,0.002827092,7.99E-06,0.002547526,0.054316127,-0.24197757,-0.272488509,0.22515354,0.050694117,0.269289273,1.725724923
9,PA,0.009477839,0.008681085,0.002863723,8.20E-06,0.002581436,0.055210516,-0.281407342,-0.31253545,0.20536627,0.042175305,0.239588983,1.673265273
10,PA,0.009751813,0.008948131,0.002898278,8.40E-06,0.002759466,0.055278337,-0.289350789,-0.320794147,0.202709521,0.04109115,0.235931816,1.674110608
11,PA,0.008497117,0.007723114,0.002820709,7.96E-06,0.002547526,0.054655232,-0.250716873,-0.281509433,0.221009552,0.048845222,0.262895983,1.714440984
12,PA,0.00893914,0.00816395,0.002826498,7.99E-06,0.002564481,0.054549262,-0.264561526,-0.295774647,0.213799615,0.045710275,0.252155362,1.699868021
13,PA,0.00924623,0.008371652,0.003130889,9.80E-06,0.003200302,0.054299172,-0.267315415,-0.299503035,0.214803904,0.046140717,0.255653776,1.71615907
14,PA,0.008433112,0.007646815,0.002825425,7.98E-06,0.002539048,0.055028247,-0.246969378,-0.277813922,0.222815289,0.049646653,0.265634973,1.716996945
15,PA,0.012829003,0.010427476,0.00721665,5.21E-05,0.004425319,0.079219143,-0.327499229,-0.359276629,0.188489833,0.035528417,0.218899315,1.663754105
16,PA,0.00984379,0.008787056,0.003367539,1.13E-05,0.003005317,0.054879889,-0.286214543,-0.317676142,0.205230317,0.042119483,0.240650446,1.680929789
17,PA,0.009257485,0.0084861,0.002830017,8.01E-06,0.002564481,0.055155412,-0.274595982,-0.30571992,0.209096979,0.043721547,0.245007979,1.700314402
18,PA,0.009437113,0.008693802,0.002807192,7.88E-06,0.002526331,0.054731531,-0.280073373,-0.311294765,0.20622448,0.042528536,0.241294296,1.688963494
19,PA,0.008785768,0.007998637,0.002831131,8.02E-06,0.002551764,0.054193202,-0.260932236,-0.292166223,0.217115418,0.047139105,0.256975461,1.682942033
20,PA,0.00934478,0.008562399,0.002823442,7.97E-06,0.002547526,0.053697261,-0.278914611,-0.310113864,0.207595021,0.043095693,0.242929711,1.658449859
21,PA,0.008374122,0.007502696,0.003048041,9.29E-06,0.002806093,0.055579293,-0.245901173,-0.277439641,0.227155966,0.051599833,0.273070477,1.678739467
22,PA,0.00929848,0.008520011,0.002798153,7.83E-06,0.002509376,0.054125381,-0.283131474,-0.314875135,0.207840735,0.043197771,0.243299775,1.661251913
23,PA,0.012649542,0.01019858,0.006607986,4.37E-05,0.00531123,0.079066546,-0.324691567,-0.357694286,0.191684551,0.036742967,0.222417133,1.631718136
24,PA,0.013478559,0.011228611,0.007447174,5.55E-05,0.004904305,0.097725793,-0.340673968,-0.372083155,0.179874055,0.032354676,0.205373544,1.608799655
25,PA,0.00804502,0.007358576,0.00305406,9.33E-06,0.002835765,0.057134937,-0.229426644,-0.26480156,0.241372135,0.058260508,0.296561103,1.806306029
26,PA,0.011040186,0.010461386,0.003262483,1.06E-05,0.002767944,0.062463122,-0.329326546,-0.363261943,0.191983932,0.03685783,0.220791317,1.686110226
27,PA,0.00923429,0.008422518,0.002963693,8.78E-06,0.002814571,0.053977022,-0.275878989,-0.307756814,0.210259191,0.044208927,0.24730054,1.666108046
28,PA,0.009421241,0.008562399,0.00319857,1.02E-05,0.002831526,0.056787354,-0.278464995,-0.3107391,0.21031303,0.044231571,0.2477262,1.677681804
29,PA,0.00857274,0.007786696,0.002826216,7.99E-06,0.002547526,0.054350038,-0.253213522,-0.284210525,0.220272518,0.048519982,0.261797922,1.68945516
30,PA,0.009252767,0.008443712,0.002887973,8.34E-06,0.002649257,0.054985859,-0.277245208,-0.308812481,0.209359973,0.043831598,0.245692528,1.668556294
31,PA,0.009115694,0.008325025,0.002874526,8.26E-06,0.002691645,0.056032846,-0.269179765,-0.300421432,0.211727995,0.044828744,0.249095873,1.654052125
32,PA,0.00922172,0.008422518,0.002861983,8.19E-06,0.002589914,0.054023649,-0.275468398,-0.306642801,0.208308044,0.043392241,0.243684102,1.666211792
33,PA,0.008978971,0.008193622,0.002823984,7.97E-06,0.002560242,0.054383948,-0.266402788,-0.297487436,0.21284727,0.04530396,0.25052481,1.668076834
34,PA,0.00915253,0.008337742,0.003006147,9.04E-06,0.002717078,0.063785631,-0.269190042,-0.30053556,0.211578837,0.044765604,0.248888691,1.677762543
35,PA,0.008801072,0.008015592,0.002814535,7.92E-06,0.002534809,0.054082993,-0.261435265,-0.292511292,0.215685587,0.046520272,0.254634276,1.675974474
36,PA,0.013715497,0.009355056,0.017417185,0.000303358,0.004840722,0.133908286,-0.299307513,-0.332961369,0.205306632,0.042150813,0.248418494,1.676895577
37,PA,0.00997333,0.008926936,0.004512311,2.04E-05,0.003022272,0.08903623,-0.284877579,-0.316777709,0.204571304,0.041849418,0.239411557,1.668364105
38,PA,0.01122355,0.009333862,0.005687346,3.23E-05,0.004972126,0.076523259,-0.2988867,-0.332986471,0.20360792,0.041456185,0.238349511,1.655942691
39,PA,0.011121074,0.009622102,0.005019174,2.52E-05,0.003412243,0.085170434,-0.311334533,-0.342986978,0.194548609,0.037849161,0.224753517,1.630902616
40,PA,0.01092322,0.009884908,0.003643032,1.33E-05,0.003509736,0.054570456,-0.305699531,-0.336487906,0.191315749,0.036601716,0.219662367,1.637033819
41,PA,0.009491922,0.00859207,0.003193652,1.02E-05,0.002967168,0.054468724,-0.278524166,-0.310187819,0.209186204,0.043758868,0.246614884,1.668972968
42,PA,0.010015385,0.009244847,0.002806616,7.88E-06,0.00253057,0.054990098,-0.295103845,-0.326053041,0.197652032,0.039066326,0.228864735,1.618470199
43,PA,0.008756217,0.00798592,0.002843351,8.08E-06,0.002598391,0.05434156,-0.259765209,-0.291139239,0.217556091,0.047330653,0.257732844,1.68638115
44,PA,0.00922278,0.008443712,0.002812458,7.91E-06,0.002539048,0.054218634,-0.274829389,-0.305951439,0.208853743,0.043619886,0.24476087,1.660966431
45,PA,0.009398453,0.008261443,0.003513079,1.23E-05,0.003238452,0.054294933,-0.274124835,-0.306203473,0.214130396,0.045851827,0.254339323,1.677779752
46,PA,0.01005326,0.00927028,0.002960977,8.77E-06,0.002869675,0.054176246,-0.295920553,-0.327207758,0.198308233,0.039326155,0.229870234,1.645912757
47,PA,0.009194732,0.008430996,0.002812051,7.91E-06,0.002543287,0.054277978,-0.272462428,-0.303514376,0.208983123,0.043673946,0.244851286,1.66159476
48,PA,0.008184204,0.007396726,0.002831449,8.02E-06,0.002551764,0.054214396,-0.238409283,-0.268940488,0.227668815,0.051833089,0.273360213,1.704984607
49,PA,0.009689039,0.008761623,0.003558427,1.27E-05,0.002636541,0.088951454,-0.28562697,-0.317092656,0.204799923,0.041943008,0.239501289,1.655101172
50,PC,0.003965228,0.003517366,0.001631294,2.66E-06,0.001513764,0.029146066,-0.220862508,-0.253731342,0.262296499,0.068799454,0.335411645,1.734760511
51,PC,0.003956721,0.003505158,0.001633508,2.67E-06,0.00150766,0.029197949,-0.217880616,-0.250489239,0.262697947,0.069010212,0.335613523,1.742615302
52,PC,0.003962889,0.003512788,0.00163575,2.68E-06,0.001506134,0.029211683,-0.219605078,-0.252493437,0.263596451,0.069483089,0.33768942,1.739358415
53,PC,0.003796692,0.003344931,0.001637751,2.68E-06,0.00150766,0.029329183,-0.199712374,-0.230670514,0.271980386,0.073973331,0.352380551,1.754621816
54,PC,0.004130057,0.003682171,0.001630181,2.66E-06,0.001506134,0.029344442,-0.227429566,-0.260215053,0.25388974,0.06446,0.321089059,1.717554572
55,PC,0.003980228,0.003528047,0.001636983,2.68E-06,0.001510712,0.029345968,-0.219281274,-0.251972645,0.262564327,0.068940026,0.335933768,1.737349643
56,PC,0.004005488,0.003557041,0.001623169,2.63E-06,0.001490875,0.029033144,-0.226204921,-0.259398495,0.259777099,0.067484141,0.330905071,1.725517897
57,PC,0.004049091,0.003537203,0.00194905,3.80E-06,0.00153055,0.035175182,-0.221918266,-0.255025789,0.26290544,0.069119271,0.336515839,1.735639662
58,PC,0.004150398,0.003700482,0.001645505,2.71E-06,0.001558017,0.029229995,-0.234268098,-0.268482489,0.255321471,0.065189053,0.324123329,1.729105748
59,PC,0.003962955,0.003512788,0.001634288,2.67E-06,0.001504608,0.029376488,-0.218495965,-0.251390433,0.263673744,0.069523843,0.337877641,1.740938055
60,PC,0.003610364,0.003158762,0.001642402,2.70E-06,0.001516816,0.029370384,-0.178797611,-0.20782959,0.282853436,0.080006067,0.371537052,1.782582192
61,PC,0.004248544,0.00379967,0.001629977,2.66E-06,0.001500031,0.029303241,-0.244201094,-0.278481012,0.249890836,0.06244543,0.314459127,1.706142165
62,PC,0.004144945,0.00369743,0.00162862,2.65E-06,0.001498505,0.02934902,-0.234527602,-0.26810176,0.253998776,0.064515378,0.321029074,1.713183873
63,PC,0.004496026,0.004059086,0.001640554,2.69E-06,0.001532076,0.029431423,-0.264190218,-0.299274748,0.240241524,0.05771599,0.298692379,1.681785909
64,PC,0.004207905,0.003758469,0.001628734,2.65E-06,0.001496979,0.029216261,-0.241063877,-0.275010839,0.251207256,0.063105085,0.316510656,1.716048636
65,PC,0.004120381,0.003669963,0.001631131,2.66E-06,0.001500031,0.029280352,-0.23316576,-0.266666666,0.255458918,0.065259259,0.323538351,1.71904357
66,PC,0.003941058,0.003489898,0.001635369,2.67E-06,0.001504608,0.02925441,-0.215457273,-0.247843362,0.264336741,0.069873913,0.338874062,1.751752381
67,PC,0.004076728,0.003627236,0.001635277,2.67E-06,0.001509186,0.029460416,-0.229285977,-0.262659725,0.257653714,0.066385436,0.327322216,1.730360191
68,PC,0.003839607,0.003387658,0.001639473,2.69E-06,0.001510712,0.029320027,-0.205476373,-0.237151702,0.269839854,0.072813547,0.348486134,1.753691433
69,PC,0.003905298,0.003453275,0.001635927,2.68E-06,0.00150766,0.029222365,-0.213575111,-0.245852922,0.266169379,0.070846138,0.342136295,1.745431161
70,PC,0.004223548,0.003773729,0.001633092,2.67E-06,0.001503082,0.029834279,-0.242879296,-0.277078838,0.251202592,0.063102742,0.316687668,1.708449944
71,PC,0.003937459,0.003486846,0.001635503,2.67E-06,0.001506134,0.02917506,-0.215743565,-0.248142644,0.264412546,0.069913994,0.338989543,1.756458741
72,PC,0.004116915,0.003666911,0.001631617,2.66E-06,0.001499268,0.029211683,-0.233728752,-0.267497602,0.255819742,0.065443741,0.324298301,1.724489816
73,PC,0.004055202,0.003607398,0.001628968,2.65E-06,0.001498505,0.029141488,-0.22815448,-0.261567819,0.258274504,0.06670572,0.328525265,1.735008795
74,PC,0.004032062,0.003581456,0.001633746,2.67E-06,0.001503082,0.02923152,-0.223704034,-0.256722655,0.259630308,0.067407897,0.330763784,1.723426874
75,PC,0.00434532,0.003897333,0.001622874,2.63E-06,0.001483245,0.029242202,-0.253854882,-0.288698117,0.245869347,0.060451736,0.307656419,1.691976005
76,PC,0.004164099,0.003714216,0.001633575,2.67E-06,0.001503082,0.029339864,-0.236605469,-0.270345746,0.253634706,0.064330564,0.320623308,1.729289215
77,PC,0.003878055,0.003430385,0.00162407,2.64E-06,0.001492401,0.029233046,-0.213174771,-0.245467224,0.265991823,0.07075165,0.341723636,1.754492358
78,PC,0.003909268,0.003459379,0.00162849,2.65E-06,0.001496979,0.029147592,-0.215007566,-0.247396946,0.26496961,0.070208894,0.339721792,1.753832542
79,PC,0.004039036,0.00358756,0.001633087,2.67E-06,0.001500031,0.029196423,-0.225976307,-0.259059676,0.259421174,0.067299346,0.330360726,1.735184955
80,PC,0.004077978,0.003627236,0.001637179,2.68E-06,0.001510712,0.029388696,-0.229764834,-0.263157894,0.25770505,0.066411893,0.327450376,1.721418691
81,PC,0.003848524,0.003399866,0.001621658,2.63E-06,0.001489349,0.029086553,-0.211148552,-0.243391568,0.267037156,0.071308843,0.343216762,1.749813634
82,PC,0.005432958,0.004994507,0.001610442,2.59E-06,0.001474089,0.0291598,-0.329270273,-0.364729142,0.209153208,0.043745065,0.250710976,1.57906165
83,PC,0.003986672,0.003535677,0.001635203,2.67E-06,0.001504608,0.029384118,-0.221683239,-0.25455773,0.262213602,0.068755973,0.335157496,1.743576153
84,PC,0.004046776,0.00359519,0.001632458,2.66E-06,0.001500031,0.029236098,-0.227671929,-0.261024425,0.258990403,0.067076029,0.329682723,1.728984311
85,PC,0.004527105,0.004074345,0.001634405,2.67E-06,0.001509186,0.029382592,-0.268671785,-0.303988995,0.238823505,0.057036667,0.296255259,1.690430592
86,PC,0.004593512,0.004146066,0.001623813,2.64E-06,0.001490875,0.0292773,-0.277296386,-0.313043477,0.23621386,0.055796988,0.291931708,1.674434681
87,PC,0.005281675,0.004848013,0.001618843,2.62E-06,0.001490875,0.029809864,-0.321946349,-0.357757224,0.213658553,0.045649977,0.257293539,1.626602213
88,PC,0.005535014,0.005107428,0.001616851,2.61E-06,0.001481719,0.029384118,-0.334286023,-0.3695579,0.206807373,0.042769289,0.247153501,1.587062991
89,PC,0.0045955,0.004149118,0.001622463,2.63E-06,0.001487823,0.029492462,-0.274959209,-0.310500563,0.235879649,0.055639209,0.291542259,1.666625205
90,PC,0.004839514,0.004370384,0.001686343,2.84E-06,0.001571751,0.029529085,-0.290927437,-0.326777856,0.228060781,0.05201172,0.27887661,1.650436884
91,PC,0.004132,0.003660807,0.001683677,2.83E-06,0.001602271,0.029172008,-0.231446543,-0.265707796,0.257250714,0.06617793,0.327192554,1.731292652
92,PC,0.004071562,0.003621132,0.001632593,2.67E-06,0.001501556,0.029274248,-0.228910525,-0.262354444,0.257633142,0.066374836,0.327303867,1.7232695
93,PC,0.003955095,0.003502106,0.001638567,2.68E-06,0.001512238,0.029498566,-0.21699206,-0.249574586,0.263733669,0.069555448,0.337694426,1.741057598
94,PC,0.003923807,0.003476164,0.001630182,2.66E-06,0.001504608,0.029216261,-0.215538838,-0.248033934,0.264461425,0.069939846,0.338896209,1.740870863
95,PC,0.004022997,0.003573827,0.001637054,2.68E-06,0.001510712,0.029248306,-0.215152659,-0.247052287,0.259518294,0.067349745,0.330684387,1.726448125
96,PC,0.005532159,0.005096747,0.001605691,2.58E-06,0.001471037,0.029637429,-0.336923321,-0.372324407,0.206143915,0.042495314,0.246269505,1.584752713
97,PC,0.005123155,0.004687786,0.001620535,2.63E-06,0.001490875,0.029185741,-0.308434542,-0.343988099,0.218260124,0.047637482,0.264215312,1.622039178
98,PC,0.004350548,0.003903436,0.00162741,2.65E-06,0.001496979,0.02935665,-0.257811179,-0.293063078,0.245709233,0.060373027,0.30730755,1.692266586
99,PC,0.004050998,0.003601294,0.001628975,2.65E-06,0.001498505,0.029130806,-0.227259764,-0.260452961,0.258108156,0.06661982,0.328102519,1.722835804
100,PE,0.004142897,0.003692852,0.001632777,2.67E-06,0.001501556,0.029394799,-0.207117126,-0.23736642,0.252509377,0.063760985,0.318365284,1.713921764
101,PE,0.003929987,0.003479216,0.001639803,2.69E-06,0.00151529,0.029539767,-0.190699268,-0.219762375,0.262968725,0.06915255,0.336068524,1.739041671
102,PE,0.003785682,0.003332723,0.001640158,2.69E-06,0.001512238,0.029414637,-0.170634511,-0.19769839,0.270506271,0.073173643,0.349035201,1.758391441
103,PE,0.003685097,0.003232009,0.001638071,2.68E-06,0.00150766,0.029454312,-0.158746471,-0.184502552,0.275829116,0.076081701,0.358500811,1.774695745
104,PE,0.003949145,0.003338827,0.002146515,4.61E-06,0.001597693,0.029483306,-0.172300862,-0.200508151,0.271509214,0.073717253,0.353858096,1.758972795
105,PE,0.007815784,0.003949216,0.011851308,0.000140453,0.002061588,0.048225295,-0.21260212,-0.238379022,0.249166748,0.062084068,0.364463444,1.715250371
106,PE,0.00399653,0.003511262,0.001739546,3.03E-06,0.001539706,0.029596228,-0.190611919,-0.219987021,0.261555162,0.068411103,0.334374863,1.74325663
107,PE,0.003669337,0.003216749,0.001640637,2.69E-06,0.001512238,0.029400903,-0.156560766,-0.18202477,0.277171593,0.076824092,0.361234522,1.759690986
108,PE,0.003828357,0.003376976,0.001636106,2.68E-06,0.00150766,0.02926204,-0.16872652,-0.195429708,0.267756246,0.071693407,0.344607115,1.754013344
109,PE,0.003882848,0.003431911,0.001629709,2.66E-06,0.001500031,0.029394799,-0.176793199,-0.204180064,0.263732215,0.069554681,0.337274063,1.743113908
110,PE,0.004190853,0.003741683,0.001630697,2.66E-06,0.001500031,0.029420741,-0.200016109,-0.2289823,0.249029813,0.062015848,0.31255764,1.703973193
111,PE,0.003816256,0.003340353,0.001687519,2.85E-06,0.001550388,0.029260514,-0.171063376,-0.198585739,0.270757265,0.073309497,0.350372237,1.763040668
112,PE,0.003718563,0.003267106,0.001636162,2.68E-06,0.001506134,0.029425319,-0.16195932,-0.188044831,0.273485573,0.074794358,0.35429248,1.767395856
113,PE,0.003863627,0.003416651,0.001660675,2.76E-06,0.001603797,0.029399377,-0.175522303,-0.20428667,0.269457705,0.072607455,0.349549581,1.756617404
114,PE,0.003788809,0.003364768,0.001661261,2.76E-06,0.001594641,0.029629799,-0.165482767,-0.193675889,0.275006307,0.075628469,0.359768679,1.772295764
115,PE,0.003896413,0.003450223,0.001638657,2.69E-06,0.00151529,0.029345968,-0.177059388,-0.204776119,0.264510873,0.069966002,0.339097155,1.744295496
116,PE,0.003739698,0.00328847,0.001636124,2.68E-06,0.001504608,0.029374962,-0.166175358,-0.192636423,0.272515699,0.074264806,0.352988626,1.759604211
117,PE,0.003661136,0.003212171,0.001637247,2.68E-06,0.001509186,0.029358176,-0.158672892,-0.18459069,0.276819154,0.076628844,0.360246331,1.772793458
118,PE,0.004090021,0.003636391,0.001641001,2.69E-06,0.00152292,0.029445157,-0.201469858,-0.231376417,0.254759173,0.064902236,0.322232938,1.716427092
119,PE,0.003720402,0.003270158,0.001628777,2.65E-06,0.001499268,0.029367332,-0.166043457,-0.192468619,0.272346227,0.074172467,0.352276884,1.760827405
120,PE,0.003744654,0.003291522,0.001642548,2.70E-06,0.001518342,0.029507721,-0.167382818,-0.193994687,0.272674728,0.074351507,0.353127241,1.765795696
121,PE,0.003873628,0.003424281,0.001626033,2.64E-06,0.001495453,0.02937191,-0.179461056,-0.207142856,0.263730461,0.069553756,0.33722972,1.742226831
122,PE,0.003704767,0.003251846,0.001639657,2.69E-06,0.001510712,0.029417689,-0.161189305,-0.187142036,0.274841101,0.075537631,0.356870252,1.768790216
123,PE,0.003916814,0.003465483,0.001635298,2.67E-06,0.001506134,0.029323079,-0.193736472,-0.223225299,0.263645076,0.069508726,0.337404883,1.743372881
124,PE,0.003586431,0.003132821,0.001640093,2.69E-06,0.001510712,0.029439053,-0.147026713,-0.171318838,0.281784445,0.079402474,0.369439931,1.775140149
125,PE,0.003782801,0.003318989,0.001679836,2.82E-06,0.00154581,0.029768663,-0.160748727,-0.18661822,0.274803659,0.075517051,0.35712923,1.766205041
126,PE,0.003895635,0.003444119,0.001636389,2.68E-06,0.001506134,0.029226943,-0.188489554,-0.217535611,0.264826397,0.070133021,0.339405692,1.745604446
127,PE,0.004195263,0.003744735,0.001633534,2.67E-06,0.001503082,0.029457364,-0.210350883,-0.240728407,0.25003253,0.062516266,0.31414037,1.716285929
128,PE,0.003885605,0.003419703,0.001672152,2.80E-06,0.001559543,0.029408533,-0.178416097,-0.206742516,0.266764109,0.07116309,0.343178179,1.756145873
129,PE,0.003886466,0.003434963,0.001636249,2.68E-06,0.001506134,0.029536715,-0.181986436,-0.210191082,0.26473288,0.070083498,0.339160771,1.746882633
130,PE,0.003691457,0.003238113,0.001640143,2.69E-06,0.001510712,0.029480254,-0.162170629,-0.188405796,0.275987846,0.076169291,0.35915012,1.766398327
131,PE,0.003849394,0.003396814,0.001642348,2.70E-06,0.001524446,0.029397851,-0.175952429,-0.203575657,0.267235212,0.071414659,0.343617094,1.752630039
132,PE,0.003751332,0.003299152,0.001639031,2.69E-06,0.001509186,0.029646585,-0.166544726,-0.193232992,0.272115931,0.07404708,0.35209664,1.761479331
133,PE,0.003977743,0.003521943,0.00166593,2.78E-06,0.001573277,0.029378014,-0.190331176,-0.219449775,0.26091557,0.068076934,0.332703338,1.744969712
134,PE,0.004372878,0.003927852,0.001658412,2.75E-06,0.001616004,0.029501618,-0.227988964,-0.260074813,0.246095273,0.060562883,0.309821281,1.691896821
135,PE,0.003833997,0.00338308,0.001635861,2.68E-06,0.001504608,0.029510773,-0.176421079,-0.204072188,0.267334946,0.071467973,0.343832534,1.746204445
136,PE,0.003643589,0.003190808,0.001635425,2.67E-06,0.00150766,0.029326131,-0.151506555,-0.176237623,0.277339529,0.076917214,0.361353501,1.771030898
137,PE,0.003758906,0.003306781,0.001637377,2.68E-06,0.001506134,0.029449734,-0.16489115,-0.191333088,0.27156447,0.073747261,0.351091157,1.762499969
138,PE,0.003955255,0.003451749,0.001810058,3.28E-06,0.001580907,0.029301715,-0.182349477,-0.211193866,0.264596868,0.070011503,0.339097568,1.750340278
139,PE,0.003728081,0.003276262,0.001640675,2.69E-06,0.00151529,0.029396325,-0.160157043,-0.186010149,0.27343378,0.074766032,0.354595703,1.755857469
140,PE,0.003714232,0.00325795,0.001655219,2.74E-06,0.001556491,0.029509247,-0.160468302,-0.186651583,0.275788406,0.076059245,0.359304218,1.764786226
141,PE,0.00365281,0.003199963,0.001640671,2.69E-06,0.001512238,0.02946652,-0.157014582,-0.182658548,0.277878904,0.077216685,0.362250438,1.774243859
142,PE,0.004253815,0.00360282,0.002309509,5.33E-06,0.001687725,0.02992889,-0.194348813,-0.225893157,0.25744259,0.066276687,0.327036582,1.735439694
143,PE,0.004392484,0.003541781,0.002968099,8.81E-06,0.001701459,0.035954953,-0.19197112,-0.223834196,0.259377224,0.067276544,0.329058295,1.744232943
144,PE,0.003767135,0.003315937,0.001637185,2.68E-06,0.001509186,0.029365806,-0.165713084,-0.192176038,0.271003159,0.073442712,0.350349234,1.754774309
145,PE,0.003679381,0.003225905,0.001639824,2.69E-06,0.001510712,0.029468046,-0.157352026,-0.183054716,0.276324909,0.076355455,0.359475523,1.76807532
146,PE,0.003773797,0.003322041,0.001637484,2.68E-06,0.00150766,0.029419215,-0.16783372,-0.194610184,0.270734337,0.073297081,0.349785598,1.760022506
147,PE,0.003829989,0.003355613,0.00170431,2.90E-06,0.00150766,0.032521516,-0.182564785,-0.211267605,0.266665608,0.071110547,0.342221301,1.751664084
148,PE,0.003785004,0.003332723,0.001637067,2.68E-06,0.001506134,0.029463468,-0.170463072,-0.197589842,0.27015633,0.072984443,0.348701384,1.755692693
149,PE,0.003963381,0.003454801,0.001822995,3.32E-06,0.001556491,0.02938717,-0.179761888,-0.208304002,0.263909911,0.069648441,0.338167351,1.743976116
150,PP,0.003628448,0.003161814,0.001720956,2.96E-06,0.001651102,0.030084539,-0.155804859,-0.183807808,0.289740134,0.083949345,0.385272072,1.832442578
151,PP,0.003837101,0.00338308,0.001643776,2.70E-06,0.001518342,0.029339864,-0.194470707,-0.224544241,0.269637356,0.072704304,0.348252487,1.742456729
152,PP,0.003779016,0.003329671,0.001643321,2.70E-06,0.001516816,0.02945126,-0.188180483,-0.217844296,0.273081813,0.074573677,0.354171298,1.758279549
153,PP,0.003749419,0.003302204,0.001621973,2.63E-06,0.001492401,0.029107917,-0.19350313,-0.223779237,0.271949865,0.073956729,0.352294068,1.757517197
154,PP,0.003980978,0.003532625,0.001637869,2.68E-06,0.001510712,0.029512299,-0.212568637,-0.244399184,0.262120312,0.068707058,0.33525174,1.743891521
155,PP,0.00383328,0.003381554,0.001637526,2.68E-06,0.00150766,0.029524507,-0.196667389,-0.227034922,0.269249067,0.07249506,0.347366315,1.746594946
156,PP,0.003813538,0.003361716,0.001640423,2.69E-06,0.001512238,0.02949704,-0.192611222,-0.22245614,0.270562082,0.07320384,0.349794133,1.750466411
157,PP,0.003994598,0.003543307,0.001636823,2.68E-06,0.00150766,0.02945889,-0.212048305,-0.243508888,0.260952821,0.068096375,0.333156849,1.734361521
158,PP,0.003770624,0.003308307,0.001664575,2.77E-06,0.001561069,0.029376488,-0.188607405,-0.218402961,0.273797784,0.074965226,0.355506755,1.760321598
159,PP,0.003660997,0.003206067,0.0016498,2.72E-06,0.001532076,0.02945889,-0.174123814,-0.202284928,0.279314163,0.078016401,0.365083703,1.773204552
160,PP,0.003995035,0.003529573,0.001677944,2.82E-06,0.001525972,0.029429897,-0.210028708,-0.241686942,0.262380212,0.068843376,0.335847433,1.74443874
161,PP,0.003923936,0.003459379,0.001697132,2.88E-06,0.001622108,0.029431423,-0.199060621,-0.230090441,0.266555912,0.071052054,0.342821098,1.758102139
162,PP,0.003956153,0.003503632,0.001697097,2.88E-06,0.001611426,0.029423793,-0.203799323,-0.236230666,0.267010513,0.071294614,0.344349702,1.751808391
163,PP,0.003874931,0.003425807,0.001639077,2.69E-06,0.001512238,0.029501618,-0.198688713,-0.229297838,0.267134869,0.071361038,0.343709802,1.746779033
164,PP,0.003884467,0.003425807,0.001671716,2.79E-06,0.001583959,0.02936428,-0.201151123,-0.232486679,0.268281914,0.071975186,0.34584148,1.75585009
165,PP,0.003927842,0.003479216,0.001662974,2.77E-06,0.001576329,0.029258988,-0.205247566,-0.237034026,0.264484978,0.069952304,0.339262505,1.754896428
166,PP,0.003684478,0.003232009,0.001643904,2.70E-06,0.001518342,0.029353598,-0.172616665,-0.200347297,0.277448623,0.076977738,0.362132926,1.766271083
167,PP,0.003842823,0.003337301,0.001787016,3.19E-06,0.001643472,0.030598791,-0.187402837,-0.218005384,0.274308366,0.07524508,0.357885172,1.7503603
168,PP,0.00366775,0.003219801,0.001644126,2.70E-06,0.001521394,0.029355124,-0.176283279,-0.204878048,0.278894638,0.077782219,0.364598421,1.77143314
169,PP,0.003724368,0.00327321,0.001638978,2.69E-06,0.00150766,0.029382592,-0.183473145,-0.212662534,0.27558021,0.075944452,0.358762169,1.774589231
170,PP,0.00359461,0.00314045,0.00164424,2.70E-06,0.001518342,0.029320027,-0.166339818,-0.193548386,0.282908675,0.080037318,0.371712667,1.781172027
171,PP,0.003665531,0.003209119,0.001654684,2.74E-06,0.001539706,0.029587072,-0.173625599,-0.201904761,0.279065051,0.077877302,0.364894861,1.77338322
172,PP,0.004201771,0.003731002,0.001770835,3.14E-06,0.001675517,0.029237624,-0.222933461,-0.2568306,0.256516349,0.065800638,0.325905901,1.728736669
173,PP,0.004044397,0.003572301,0.001720855,2.96E-06,0.00164805,0.029268144,-0.210676796,-0.243119265,0.262734696,0.069029521,0.337082708,1.748756966
174,PP,0.003949629,0.003491424,0.001675244,2.81E-06,0.001587011,0.029442105,-0.19600661,-0.226333699,0.264206771,0.069805218,0.338925036,1.743155377
175,PP,0.003679717,0.003201489,0.001702596,2.90E-06,0.001602271,0.029593176,-0.170453963,-0.198679141,0.28107908,0.079005449,0.369318245,1.778915201
176,PP,0.004154371,0.00359519,0.001898324,3.60E-06,0.001905939,0.04837484,-0.217162373,-0.251908396,0.262720265,0.069021938,0.337515851,1.762982079
177,PP,0.003868299,0.003418177,0.001654971,2.74E-06,0.001554966,0.02924678,-0.194689491,-0.224971664,0.26801213,0.071830502,0.345275689,1.756549782
178,PP,0.003860862,0.003415125,0.001656267,2.74E-06,0.001570225,0.029414637,-0.196173137,-0.227107704,0.269335897,0.072541826,0.34798467,1.754716918
179,PP,0.003767828,0.003253372,0.001853557,3.44E-06,0.001590063,0.029510773,-0.176645471,-0.206459053,0.27879747,0.077728029,0.365648234,1.769193869
180,PP,0.003721497,0.003270158,0.001636025,2.68E-06,0.001501556,0.029411585,-0.182382558,-0.211608222,0.275591867,0.075950877,0.35844555,1.770245869
181,PP,0.003722108,0.00327321,0.001652253,2.73E-06,0.00153055,0.029635903,-0.180157567,-0.209176787,0.276243176,0.076310292,0.35996877,1.762782674
182,PP,0.003674632,0.003222853,0.001639669,2.69E-06,0.001510712,0.029472624,-0.174198093,-0.202359881,0.277849293,0.077200229,0.362813625,1.757521714
183,PP,0.005231402,0.004046878,0.003055587,9.34E-06,0.002559055,0.036374596,-0.253006243,-0.294652616,0.246031371,0.060531435,0.310268333,1.718826834
184,PP,0.003864542,0.003407496,0.001658024,2.75E-06,0.001544284,0.029327657,-0.197978096,-0.228915662,0.268893345,0.072303631,0.347140696,1.750505843
185,PP,0.003911588,0.003456327,0.001666352,2.78E-06,0.001580907,0.029416163,-0.202700185,-0.233619819,0.265710445,0.07060204,0.341052296,1.741102822
186,PP,0.00396294,0.003509736,0.001657376,2.75E-06,0.00155344,0.029593176,-0.205524341,-0.23694779,0.262937515,0.069136137,0.336430859,1.738923652
187,PP,0.005389939,0.003665385,0.005722259,3.27E-05,0.002006653,0.048422145,-0.20831324,-0.239748866,0.260071024,0.067636937,0.336989119,1.743929678
188,PP,0.003826429,0.003373924,0.001645404,2.71E-06,0.001527498,0.029431423,-0.196143316,-0.226600984,0.270160398,0.07298664,0.349080955,1.74576813
189,PP,0.003797657,0.003349509,0.001634583,2.67E-06,0.001504608,0.029719832,-0.191949323,-0.222002374,0.27080288,0.0733342,0.350075704,1.751782945
190,PP,0.003816447,0.003322041,0.001814984,3.29E-06,0.001620582,0.029397851,-0.185812082,-0.216556244,0.275038407,0.075646126,0.358512447,1.755119117
191,PP,0.00371323,0.003262528,0.001646499,2.71E-06,0.001532076,0.029391748,-0.178384601,-0.207066834,0.276052316,0.076204881,0.359370618,1.7756345
192,PP,0.003692388,0.003241165,0.001632516,2.67E-06,0.001503082,0.029226943,-0.182277902,-0.211350293,0.276020145,0.076187121,0.359327643,1.769019125
193,PP,0.003781782,0.003331197,0.001638316,2.68E-06,0.001516816,0.029344442,-0.192617431,-0.2226571,0.271246236,0.07357452,0.350937857,1.754768933
194,PP,0.00399092,0.003541781,0.001634146,2.67E-06,0.001504608,0.029431423,-0.209748003,-0.241076331,0.260725487,0.06797778,0.332482182,1.737447255
195,PP,0.003891635,0.003439541,0.001637528,2.68E-06,0.001509186,0.029211683,-0.203345233,-0.234327903,0.266104801,0.070811765,0.34196368,1.740854766
196,PP,0.004051107,0.003567723,0.00173989,3.03E-06,0.001759446,0.029361228,-0.210707546,-0.244024457,0.263298264,0.069325976,0.337026632,1.753581668
197,PP,0.003914199,0.003462431,0.001633992,2.67E-06,0.001503082,0.0292773,-0.205072473,-0.236148466,0.264641831,0.070035299,0.33935987,1.742993134
198,PP,0.004006651,0.003549411,0.001658481,2.75E-06,0.001558017,0.029439053,-0.214880152,-0.247201641,0.261061603,0.06815316,0.332912575,1.742620625
199,PP,0.003837173,0.003329671,0.001774513,3.15E-06,0.001707563,0.029407007,-0.184661861,-0.215827337,0.275921615,0.076132738,0.362321098,1.779529857
200,PS,0.003934842,0.003482268,0.001635813,2.68E-06,0.001506134,0.029524507,-0.208952143,-0.240384614,0.264042392,0.069718385,0.33792453,1.749549245
201,PS,0.003904285,0.003451749,0.00163632,2.68E-06,0.001504608,0.02968626,-0.205186337,-0.236518663,0.265878777,0.070691524,0.341515304,1.742775066
202,PS,0.003983586,0.003535677,0.00162327,2.64E-06,0.001490875,0.029249832,-0.217018463,-0.249115714,0.260302214,0.067757242,0.331458342,1.736702556
203,PS,0.004065142,0.003549411,0.001812644,3.29E-06,0.001588537,0.029399377,-0.215559914,-0.24812382,0.26325017,0.069300652,0.338356105,1.730680086
204,PS,0.003914242,0.003459379,0.00164125,2.69E-06,0.001518342,0.029292559,-0.206467331,-0.237979057,0.265664002,0.070577362,0.341466129,1.740904792
205,PS,0.003776946,0.003328145,0.001631342,2.66E-06,0.001503082,0.02934139,-0.193210028,-0.223439609,0.271433838,0.073676328,0.350770223,1.759565228
206,PS,0.004265243,0.003817982,0.001629003,2.65E-06,0.001501556,0.029323079,-0.237333877,-0.270551508,0.24805761,0.061532578,0.311252161,1.707180461
207,PS,0.00402453,0.003573827,0.001633044,2.67E-06,0.00150766,0.029161326,-0.216887314,-0.249046321,0.25935248,0.067263709,0.330209549,1.730038303
208,PS,0.003958352,0.00350821,0.001630615,2.66E-06,0.001498505,0.029326131,-0.212163583,-0.244013682,0.262205169,0.06875155,0.334993436,1.730725249
209,PS,0.004722238,0.004080449,0.00201163,4.05E-06,0.002096686,0.031550998,-0.255504105,-0.293243101,0.241993248,0.058560732,0.302107197,1.709755727
210,PS,0.003841814,0.003389184,0.001636842,2.68E-06,0.001506134,0.02925441,-0.196369664,-0.226691254,0.268512228,0.072098816,0.346037694,1.756472249
211,PS,0.003990801,0.003543307,0.001626647,2.65E-06,0.001496979,0.029066715,-0.21670518,-0.248855498,0.260121593,0.067663243,0.331494041,1.726415249
212,PS,0.004055026,0.003605872,0.001638504,2.68E-06,0.001521394,0.029181163,-0.217811238,-0.249746364,0.258010848,0.066569597,0.327969468,1.716730036
213,PS,0.004009261,0.003555515,0.001652612,2.73E-06,0.001562595,0.029374962,-0.214455216,-0.246838068,0.261298298,0.068276801,0.333737383,1.739832963
214,PS,0.003947586,0.003499054,0.001635742,2.68E-06,0.001506134,0.029423793,-0.207957401,-0.239324842,0.263214951,0.069282111,0.337015724,1.742680072
215,PS,0.003924736,0.003471586,0.001639388,2.69E-06,0.00151529,0.02902704,-0.206525425,-0.237828986,0.264509863,0.069965467,0.339173924,1.742781404
216,PS,0.003924004,0.00347006,0.00164139,2.69E-06,0.00153055,0.02903467,-0.203304956,-0.234382573,0.264639005,0.070033803,0.339475953,1.73568437
217,PS,0.004083922,0.003636391,0.001618743,2.62E-06,0.001487823,0.029173534,-0.225013051,-0.257570429,0.254619269,0.064830972,0.321968687,1.710360375
218,PS,0.004566618,0.00412165,0.001620797,2.63E-06,0.001486297,0.029352072,-0.268038986,-0.302752292,0.236355992,0.055864155,0.292431311,1.677898375
219,PS,0.004330554,0.003885125,0.001631856,2.66E-06,0.001501556,0.02948941,-0.248560907,-0.282787621,0.246412508,0.060719124,0.308828423,1.698340881
220,PS,0.003816864,0.00336019,0.001653709,2.73E-06,0.00152292,0.041881829,-0.193377026,-0.223575255,0.27269178,0.074360807,0.35341868,1.759695679
221,PS,0.003959142,0.003509736,0.001625628,2.64E-06,0.001492401,0.041433193,-0.215630273,-0.247744293,0.261783575,0.06853064,0.333951342,1.737080615
222,PS,0.003731971,0.00328084,0.001639044,2.69E-06,0.001510712,0.029442105,-0.18753327,-0.217230483,0.275063325,0.075659833,0.357548088,1.758214017
223,PS,0.003963284,0.003511262,0.001635146,2.67E-06,0.001504608,0.029413111,-0.213088269,-0.245083167,0.262949887,0.069142643,0.336388693,1.74193571
224,PS,0.003831126,0.003381554,0.001642072,2.70E-06,0.001521394,0.029443631,-0.197251545,-0.22778473,0.269491134,0.072625471,0.347519298,1.75485303
225,PS,0.003960437,0.003517366,0.00161489,2.61E-06,0.001486297,0.029135384,-0.218209551,-0.250537633,0.259875041,0.067535037,0.330609777,1.732928345
226,PS,0.004061129,0.00361045,0.001637017,2.68E-06,0.001513764,0.029396325,-0.223163416,-0.255759918,0.257683311,0.066400689,0.32699932,1.726228384
227,PS,0.003866401,0.003415125,0.001632829,2.67E-06,0.001503082,0.029394799,-0.202404819,-0.233473805,0.266917041,0.071244707,0.343184821,1.753954919
228,PS,0.00375834,0.003306781,0.001636417,2.68E-06,0.001506134,0.02945889,-0.188841757,-0.218549843,0.273097902,0.074582464,0.35419792,1.752337879
229,PS,0.003767741,0.003315937,0.001644566,2.70E-06,0.001536654,0.029419215,-0.191299998,-0.221436765,0.272775189,0.074406304,0.353368811,1.759970642
230,PS,0.0041668,0.003717268,0.001628013,2.65E-06,0.001493927,0.029338339,-0.232036646,-0.265021458,0.252484163,0.063748253,0.318764994,1.709510389
231,PS,0.003847521,0.003396814,0.001635115,2.67E-06,0.001501556,0.029500092,-0.200769875,-0.231660231,0.268523578,0.072104912,0.346009425,1.751514724
232,PS,0.003848311,0.003396814,0.001633887,2.67E-06,0.001503082,0.02934139,-0.200919218,-0.231726282,0.267977416,0.071811896,0.344750926,1.749762574
233,PS,0.003811575,0.003358664,0.001636095,2.68E-06,0.001503082,0.029457364,-0.195574078,-0.225922056,0.270291883,0.073057702,0.349273874,1.74723554
234,PS,0.004199091,0.003729476,0.001683575,2.83E-06,0.001518342,0.035178234,-0.232961845,-0.26631906,0.252010632,0.063509359,0.318232208,1.718318316
235,PS,0.003903357,0.003448697,0.001648189,2.72E-06,0.001539706,0.029469572,-0.205493664,-0.236783895,0.265964824,0.070737287,0.341508429,1.739508785
236,PS,0.003982048,0.003531099,0.001634442,2.67E-06,0.001506134,0.029173534,-0.213218081,-0.24510329,0.261405696,0.068332938,0.333735832,1.737462268
237,PS,0.004037914,0.003589086,0.001628203,2.65E-06,0.001503082,0.029353598,-0.220715323,-0.253092292,0.257809986,0.066465989,0.327416739,1.725509571
238,PS,0.003895231,0.003439541,0.001639648,2.69E-06,0.001510712,0.029393274,-0.204375931,-0.235752849,0.265970307,0.070740204,0.341706482,1.749580463
239,PS,0.003912969,0.003454801,0.001650414,2.72E-06,0.001529024,0.029358176,-0.206528126,-0.238007371,0.265135242,0.070296697,0.339943831,1.746083137
240,PS,0.003803687,0.003352561,0.001631615,2.66E-06,0.001500031,0.029512299,-0.195334691,-0.225659169,0.270026543,0.072914334,0.348446912,1.756112392
241,PS,0.00382035,0.003369346,0.001634662,2.67E-06,0.001504608,0.029526033,-0.196678739,-0.227053139,0.269475071,0.072616814,0.347537359,1.755225004
242,PS,0.003894066,0.003442593,0.001633134,2.67E-06,0.001501556,0.029388696,-0.206671814,-0.238051043,0.265717175,0.070605617,0.341029867,1.735283435
243,PS,0.00404524,0.00359519,0.001630939,2.66E-06,0.001500031,0.02960691,-0.221413274,-0.253996447,0.258391406,0.066766119,0.32850275,1.722211093
244,PS,0.00414555,0.003695904,0.001629392,2.65E-06,0.001495453,0.029448209,-0.230213519,-0.263336155,0.253781248,0.064404922,0.321022936,1.714639636
245,PS,0.003929867,0.003474638,0.001659795,2.75E-06,0.001544284,0.029672526,-0.204704229,-0.235877934,0.267053383,0.07131751,0.343655008,1.750336678
246,PS,0.004147924,0.00369743,0.001633737,2.67E-06,0.001501556,0.029248306,-0.232046492,-0.265412747,0.254351713,0.064694794,0.321570133,1.713472005
247,PS,0.003905957,0.003448697,0.001653403,2.73E-06,0.00153818,0.029327657,-0.206157609,-0.237823367,0.266645596,0.071099874,0.34291208,1.743127513
248,PS,0.004057137,0.003605872,0.001634249,2.67E-06,0.001500031,0.02936428,-0.223484219,-0.256076633,0.25840109,0.066771123,0.328527625,1.728479028
249,PS,0.005756358,0.003531099,0.008131715,6.61E-05,0.00195477,0.048467924,-0.202582113,-0.231264367,0.266213575,0.070869667,0.361554285,1.753066831
250,POM,0.020388136,0.020435818,0.006912045,4.78E-05,0.010651285,0.081474699,-0.36829759,-0.397668694,0.160089915,0.025628781,0.177469022,1.558082296
251,POM,0.013611073,0.012665568,0.003388088,1.15E-05,0.003027529,0.066172252,-0.306739372,-0.335180054,0.181098134,0.032796534,0.204685556,1.607338404
252,POM,0.012948563,0.012000244,0.003407733,1.16E-05,0.003051944,0.06681316,-0.296396125,-0.32549692,0.188120609,0.035389364,0.21423456,1.624626572
253,POM,0.015217474,0.014331929,0.003386568,1.15E-05,0.00304584,0.067106147,-0.334629493,-0.361853831,0.167719786,0.028129927,0.187904365,1.557442921
254,POM,0.013189472,0.0122444,0.003393901,1.15E-05,0.003033632,0.066276018,-0.302013252,-0.330926593,0.185204259,0.034300617,0.210070664,1.616123173
255,POM,0.013677824,0.012738815,0.003375761,1.14E-05,0.003009217,0.066080693,-0.309739484,-0.338105262,0.180209591,0.032475497,0.203701513,1.603577422
256,POM,0.012668023,0.011725569,0.003405841,1.16E-05,0.003058048,0.066080693,-0.292002696,-0.32120653,0.190638423,0.036343008,0.217550881,1.642331151
257,POM,0.014034274,0.013098944,0.003414773,1.17E-05,0.003106879,0.066868095,-0.315350821,-0.343584304,0.177760825,0.031598911,0.200533858,1.582682025
258,POM,0.012999873,0.012049075,0.003414467,1.17E-05,0.003070256,0.068003418,-0.29599935,-0.324736224,0.187145748,0.035023531,0.21279993,1.628891873
259,POM,0.013590636,0.012689984,0.003456187,1.19E-05,0.003235061,0.068735885,-0.305421321,-0.334069574,0.182488145,0.033301923,0.206801727,1.61137295
260,POM,0.01360899,0.012671672,0.003375203,1.14E-05,0.003003113,0.066129525,-0.307360942,-0.335744112,0.180844307,0.032704663,0.204481775,1.595883627
261,POM,0.01320661,0.012262711,0.003401917,1.16E-05,0.00304584,0.066221083,-0.30040163,-0.329139636,0.18502009,0.034232434,0.210000148,1.620776806
262,POM,0.013859871,0.012812061,0.003689942,1.36E-05,0.003491424,0.065366538,-0.312328889,-0.34099185,0.18088189,0.032718258,0.205120632,1.609702278
263,POM,0.01196753,0.011023622,0.003405247,1.16E-05,0.00304584,0.066672771,-0.27826061,-0.307779674,0.197896201,0.039162907,0.227445615,1.661018372
264,POM,0.013337326,0.012390893,0.003396415,1.15E-05,0.003039736,0.065659525,-0.304355683,-0.333333332,0.183959574,0.033841125,0.208376781,1.612286435
265,POM,0.013550013,0.012628945,0.003459328,1.20E-05,0.003210645,0.066526277,-0.304243767,-0.332953248,0.182474566,0.033296967,0.206810742,1.597643925
266,POM,0.014332959,0.013324788,0.003613069,1.31E-05,0.003338827,0.066684978,-0.315616756,-0.343476255,0.1762469,0.03106297,0.198568932,1.592504297
267,POM,0.014017895,0.013080632,0.003376365,1.14E-05,0.003021425,0.065915888,-0.312978052,-0.340999778,0.177090214,0.031360944,0.199516096,1.594651304
268,POM,0.012311021,0.011359336,0.003460257,1.20E-05,0.00315571,0.066062382,-0.289986783,-0.319620903,0.194934836,0.03799959,0.223339128,1.64020001
269,POM,0.013256461,0.012262711,0.003505208,1.23E-05,0.003167918,0.065592382,-0.301804526,-0.330672747,0.185685332,0.034479043,0.211034126,1.623123551
270,POM,0.012650982,0.01169505,0.003425896,1.17E-05,0.003088567,0.066092901,-0.291521476,-0.320662169,0.190813902,0.036409945,0.217734807,1.642484419
271,POM,0.013174249,0.012201672,0.003523523,1.24E-05,0.003289996,0.066489654,-0.300542,-0.329700271,0.187269451,0.035069847,0.213612722,1.6256075
272,POM,0.01365521,0.0117744,0.006175655,3.81E-05,0.003491424,0.072703412,-0.300422743,-0.329007137,0.191926253,0.036835687,0.220655053,1.644628626
273,POM,0.01304547,0.012110114,0.003408659,1.16E-05,0.003082464,0.066172252,-0.300364432,-0.329215564,0.185758558,0.034506242,0.210688666,1.61753663
274,POM,0.013385465,0.012445828,0.003391924,1.15E-05,0.003033632,0.066013551,-0.303994649,-0.33266783,0.183490525,0.033668773,0.20818111,1.611580335
275,POM,0.014387459,0.013446866,0.003417827,1.17E-05,0.003100775,0.067002381,-0.321660142,-0.349851337,0.175625518,0.030844323,0.198031848,1.590721035
276,POM,0.012571582,0.011591284,0.003666266,1.34E-05,0.003521943,0.066715498,-0.287766597,-0.317713749,0.194698954,0.037907683,0.224124946,1.635542989
277,POM,0.019563378,0.016694134,0.009406355,8.85E-05,0.006805835,0.137569432,-0.342780614,-0.369652797,0.154855476,0.023980218,0.171838237,1.528457109
278,POM,0.013429147,0.012494659,0.003405927,1.16E-05,0.003070256,0.066996277,-0.304911618,-0.333634718,0.182866,0.033439974,0.207210639,1.606767776
279,POM,0.014369214,0.013282061,0.004146853,1.72E-05,0.003149606,0.080101325,-0.315971057,-0.343949043,0.176352895,0.031100343,0.199175564,1.579117399
280,POM,0.012970116,0.012030764,0.003416067,1.17E-05,0.00307636,0.067020692,-0.296475485,-0.325481798,0.18792686,0.035316505,0.213889794,1.622134165
281,POM,0.014478309,0.013514008,0.003451452,1.19E-05,0.00304584,0.071928218,-0.320944123,-0.348863651,0.174138153,0.030324096,0.196035454,1.572211955
282,POM,0.011900892,0.010956479,0.003392542,1.15E-05,0.003033632,0.0659342,-0.276225205,-0.305505141,0.198110676,0.03924784,0.2278847,1.656232957
283,POM,0.013376658,0.012445828,0.003377743,1.14E-05,0.003009217,0.066617836,-0.306640361,-0.33532934,0.183112131,0.033530053,0.207250189,1.617469547
284,POM,0.012315584,0.01136544,0.003423394,1.17E-05,0.003082464,0.066306537,-0.286233944,-0.315628191,0.194744904,0.037925578,0.223110895,1.642205209
285,POM,0.012337098,0.011402063,0.003394582,1.15E-05,0.00304584,0.065793811,-0.289074738,-0.318708104,0.193549446,0.037461388,0.221576254,1.636389784
286,POM,0.012254946,0.011304401,0.003411638,1.16E-05,0.003058048,0.065488616,-0.286232082,-0.315852204,0.195199294,0.038102764,0.223956134,1.64389681
287,POM,0.015093995,0.013892449,0.004790721,2.30E-05,0.003692852,0.069950559,-0.322293298,-0.351258084,0.174063778,0.030298199,0.195857693,1.596760913
288,POM,0.014208749,0.013208814,0.003581398,1.28E-05,0.003418177,0.071201856,-0.319132542,-0.347570741,0.178556567,0.031882447,0.202782408,1.584446822
289,POM,0.011972783,0.011017518,0.003438691,1.18E-05,0.003100775,0.073582372,-0.278607423,-0.308431766,0.198931245,0.03957364,0.229127554,1.650113773
290,POM,0.011968114,0.011017518,0.003425807,1.17E-05,0.003082464,0.065793811,-0.283129868,-0.313246161,0.19906736,0.039627814,0.229304092,1.648441761
291,POM,0.014357086,0.013428554,0.003392604,1.15E-05,0.00304584,0.069627052,-0.324453892,-0.352747251,0.175374473,0.030756206,0.197505459,1.587954838
292,POM,0.014600056,0.012958555,0.00494385,2.44E-05,0.004321553,0.066269914,-0.319241007,-0.349387409,0.181552625,0.032961356,0.207769583,1.604656402
293,POM,0.013047853,0.01210401,0.003396319,1.15E-05,0.003021425,0.06626381,-0.300872231,-0.330259365,0.187502422,0.035157158,0.213420761,1.614729356
294,POM,0.014726845,0.012195569,0.010304956,0.000106192,0.003424281,0.131489959,-0.308192311,-0.337266915,0.188669885,0.035596325,0.21789854,1.622274769
295,POM,0.012822298,0.011875114,0.003406458,1.16E-05,0.00304584,0.06596472,-0.295701426,-0.324870166,0.18923629,0.035810373,0.215597521,1.638906192
296,POM,0.013704811,0.012769334,0.003393657,1.15E-05,0.003039736,0.06626381,-0.310988414,-0.339581035,0.180662811,0.032639051,0.203924421,1.606325056
297,POM,0.013705579,0.01246414,0.004154747,1.73E-05,0.003613502,0.06670329,-0.310870675,-0.33992712,0.18325467,0.033582274,0.207275385,1.612644395
298,POM,0.01250938,0.011560764,0.003408941,1.16E-05,0.003051944,0.065885369,-0.291370397,-0.320895521,0.192815531,0.037177829,0.22061372,1.635635511
299,POM,0.013058231,0.012110114,0.003397859,1.15E-05,0.003033632,0.066385888,-0.301192462,-0.330391615,0.186777039,0.034885662,0.212299432,1.619805508
300,PVC,0.054654327,0.053994995,0.003311304,1.10E-05,0.00304584,0.081804309,-0.377283557,-0.388409363,0.090326009,0.008158788,0.115236353,1.006263104
301,PVC,0.047547553,0.046774095,0.00332195,1.10E-05,0.002887139,0.077140939,-0.375398545,-0.386905537,0.091218058,0.008320734,0.113560962,1.033825411
302,PVC,0.061522494,0.06094122,0.003381171,1.14E-05,0.003192334,0.082140023,-0.364170794,-0.374960572,0.091427953,0.008359071,0.118667987,1.003084981
303,PVC,0.057722746,0.057178172,0.003571501,1.28E-05,0.00370506,0.080217298,-0.369189708,-0.380109059,0.090840116,0.008251927,0.116624038,0.994758605
304,PVC,0.055203389,0.05456876,0.003308793,1.09E-05,0.003015321,0.079741195,-0.369056817,-0.38000214,0.090330011,0.008159511,0.115183181,1.006354808
305,PVC,0.062118607,0.061563816,0.00340316,1.16E-05,0.003070256,0.083989501,-0.358409182,-0.369039108,0.091357418,0.008346178,0.118477641,1.0052356
306,PVC,0.067644559,0.066959653,0.005591789,3.13E-05,0.003540255,0.155453824,-0.342373777,-0.353204033,0.093829271,0.008803932,0.122243459,1.001235731
307,PVC,0.053865456,0.053207593,0.003704857,1.37E-05,0.003540255,0.081602881,-0.371475438,-0.382617383,0.090989538,0.008279096,0.115658081,1.014106988
308,PVC,0.06044751,0.059946286,0.003468405,1.20E-05,0.00337545,0.083434047,-0.360925238,-0.371671355,0.091205198,0.008318388,0.117853125,1.004898086
309,PVC,0.05101466,0.050302142,0.003263626,1.07E-05,0.002960386,0.079503144,-0.368009018,-0.3792106,0.09080112,0.008244843,0.114487516,1.019350128
310,PVC,0.064429598,0.063852774,0.003382832,1.14E-05,0.003167918,0.084374046,-0.354201929,-0.364885948,0.092545987,0.00856476,0.120864419,1.006033718
311,PVC,0.051673048,0.050985778,0.003226834,1.04E-05,0.002881035,0.077922236,-0.377884354,-0.389321927,0.09182941,0.008432641,0.116329893,1.022961787
312,PVC,0.066539614,0.066086797,0.00356553,1.27E-05,0.003289996,0.084648721,-0.341930931,-0.352357781,0.092455047,0.008547936,0.120969266,1.00415679
313,PVC,0.053588965,0.052945126,0.003272619,1.07E-05,0.00296649,0.0777086,-0.374275532,-0.385487649,0.091412091,0.00835617,0.116267716,1.022299638
314,PVC,0.060565855,0.059995117,0.00336368,1.13E-05,0.003180126,0.080839895,-0.355019071,-0.365622239,0.090696935,0.008225934,0.117154987,1.005682602
315,PVC,0.047084965,0.04642007,0.00336156,1.13E-05,0.003082464,0.093236892,-0.381196382,-0.393032196,0.093364899,0.008717004,0.116579625,1.060067391
316,PVC,0.060163581,0.059595312,0.003401941,1.16E-05,0.00326558,0.08078496,-0.349046711,-0.359541099,0.089720381,0.008049747,0.115493074,1.00256671
317,PVC,0.063380143,0.062809009,0.003355625,1.13E-05,0.003015321,0.082445218,-0.348799717,-0.359269772,0.091218624,0.008320837,0.118340247,1.007488415
318,PVC,0.07031771,0.069791857,0.003371187,1.14E-05,0.003070256,0.087609107,-0.337902559,-0.348264789,0.095204268,0.009063853,0.125958523,1.00078859
319,PVC,0.062983657,0.062454984,0.00343706,1.18E-05,0.003351035,0.082854178,-0.356271287,-0.366914828,0.092267606,0.008513311,0.120072551,1.011355807
320,PVC,0.07155825,0.071226271,0.003636245,1.32E-05,0.00351584,0.082780931,-0.332111725,-0.34246093,0.095747018,0.009167492,0.12684747,1.004789773
321,PVC,0.061803693,0.061209791,0.00330817,1.09E-05,0.002997009,0.082878594,-0.358605745,-0.369301297,0.091903606,0.008446273,0.119218644,1.008476053
322,PVC,0.059384795,0.058682781,0.003207507,1.03E-05,0.002838308,0.081303791,-0.357274635,-0.367894876,0.090737369,0.00823327,0.116892901,1.024569491
323,PVC,0.044344906,0.043618385,0.003268413,1.07E-05,0.00296649,0.075926265,-0.383262296,-0.395474605,0.094646973,0.00895805,0.117059564,1.080018885
324,PVC,0.063109278,0.062552646,0.003437819,1.18E-05,0.003277788,0.081383141,-0.352166783,-0.362725065,0.091696471,0.008408243,0.119192403,1.00162432
325,PVC,0.041605334,0.040865531,0.003216032,1.03E-05,0.002844412,0.07510224,-0.38355262,-0.396043901,0.095812219,0.009179981,0.117306709,1.11684838
326,PVC,0.048643487,0.047848379,0.00346572,1.20E-05,0.003216749,0.075914057,-0.378915931,-0.390681009,0.092879619,0.008626624,0.116600501,1.032611485
327,PVC,0.073126638,0.072617958,0.003484802,1.21E-05,0.003393762,0.086449368,-0.327711005,-0.338047292,0.096878139,0.009385374,0.128738114,1.003217193
328,PVC,0.065807194,0.065244461,0.003489824,1.22E-05,0.003180126,0.085277422,-0.347776486,-0.358358272,0.093051564,0.008658594,0.121641005,1.015261024
329,PVC,0.04254316,0.041903192,0.003387786,1.15E-05,0.003174022,0.075553928,-0.386027365,-0.398466214,0.09576623,0.009171171,0.117859744,1.102949332
330,PVC,0.040450231,0.039711896,0.003334341,1.11E-05,0.003082464,0.076670939,-0.395273552,-0.408197326,0.095864199,0.009189945,0.116365864,1.123646681
331,PVC,0.050484882,0.049862663,0.003280272,1.08E-05,0.002997009,0.07781847,-0.381182533,-0.392614647,0.090439422,0.008179289,0.113879929,1.026165446
332,PVC,0.046451119,0.045803577,0.003314502,1.10E-05,0.003064152,0.076097174,-0.390060184,-0.402073576,0.09250426,0.008557038,0.11498976,1.031693058
333,PVC,0.057253859,0.056625771,0.003358438,1.13E-05,0.003167918,0.079643533,-0.373246936,-0.384183719,0.091051027,0.00829029,0.117004602,1.005941326
334,PVC,0.057580099,0.057034731,0.003448491,1.19E-05,0.003344931,0.079930416,-0.370693861,-0.381634371,0.091056139,0.008291221,0.117005961,1.005094253
335,PVC,0.044869187,0.044106696,0.003246562,1.05E-05,0.002881035,0.081242752,-0.386901892,-0.399038722,0.094041294,0.008843765,0.116396471,1.066854774
336,PVC,0.062537222,0.06189953,0.003324737,1.11E-05,0.003039736,0.08240249,-0.360885714,-0.371551194,0.092108233,0.008483927,0.11962757,1.006684209
337,PVC,0.052866036,0.052279802,0.003358292,1.13E-05,0.003082464,0.080247818,-0.376506325,-0.387823192,0.091594618,0.008389574,0.11634645,1.009595234
338,PVC,0.037158124,0.036385277,0.003260964,1.06E-05,0.002893243,0.073441983,-0.389977417,-0.403657739,0.100102603,0.010020531,0.120288294,1.167981568
339,PVC,0.050997793,0.050387597,0.003354819,1.13E-05,0.003100775,0.079771715,-0.381694957,-0.393295181,0.09244568,0.008546204,0.116910203,1.020551887
340,PVC,0.049208011,0.048550327,0.003258009,1.06E-05,0.002874931,0.076866264,-0.380029794,-0.391649047,0.092269572,0.008513674,0.115908899,1.031831903
341,PVC,0.05470383,0.044643838,0.033648812,0.001132243,0.006299213,0.171787829,-0.370115741,-0.398687609,0.130731348,0.017090685,0.135597556,1.085245608
342,PVC,0.063774126,0.063303424,0.003577656,1.28E-05,0.003674541,0.083745346,-0.354494247,-0.365103624,0.092517872,0.008559557,0.120501845,1.01024621
343,PVC,0.052687842,0.052102789,0.003372031,1.14E-05,0.003143502,0.079777818,-0.374157051,-0.385372948,0.09177652,0.00842293,0.116375119,1.029611466
344,PVC,0.05757825,0.057071354,0.003455813,1.19E-05,0.003344931,0.078770677,-0.364625444,-0.375430538,0.091241857,0.008325077,0.117118452,1.01883311
345,PVC,0.048618058,0.047897211,0.003440038,1.18E-05,0.003100775,0.077122627,-0.376171782,-0.387656766,0.092366938,0.008531651,0.115733534,1.035184474
346,PVC,0.05729169,0.056625771,0.003274072,1.07E-05,0.002960386,0.081499115,-0.366129453,-0.376977877,0.091410542,0.008355887,0.117333231,1.009942943
347,PVC,0.061457722,0.06083135,0.00329959,1.09E-05,0.002972594,0.08394067,-0.359625617,-0.370314534,0.091980364,0.008460387,0.119090228,1.002139282
348,PVC,0.053923742,0.053262528,0.003294883,1.09E-05,0.003064152,0.080473662,-0.368881706,-0.379922343,0.091302746,0.008336192,0.116092856,1.02246597
349,PVC,0.052305265,0.051687725,0.003306988,1.09E-05,0.003064152,0.077971068,-0.373907618,-0.385131082,0.091703575,0.008409546,0.116149814,1.015219039
350,PET,0.065519321,0.064834737,0.004408841,1.94E-05,0.004186886,0.10276468,-0.470610185,-0.484448373,0.098544252,0.00971097,0.123764106,1.065558042
351,PET,0.093770951,0.093790057,0.005576957,3.11E-05,0.005369514,0.131805835,-0.431896745,-0.443829777,0.101884391,0.010380429,0.135057861,1.042497076
352,PET,0.0882286,0.087934139,0.005107902,2.61E-05,0.005569798,0.112979155,-0.441598644,-0.453897655,0.100935431,0.010187961,0.133023759,1.058009769
353,PET,0.062595861,0.061887704,0.004302129,1.85E-05,0.004015214,0.101019349,-0.470786863,-0.484852805,0.098636631,0.009729185,0.123024923,1.07130689
354,PET,0.094947098,0.094352759,0.004459385,1.99E-05,0.00424411,0.111539019,-0.432390124,-0.444077941,0.102760531,0.010559727,0.136636394,1.053900338
355,PET,0.117021357,0.118043475,0.008727781,7.62E-05,0.008440533,0.152139413,-0.377478169,-0.387137965,0.111420518,0.012414532,0.151147173,1.072709362
356,PET,0.066244991,0.066055515,0.005090155,2.59E-05,0.005569798,0.101391305,-0.471433917,-0.485420701,0.098919155,0.009784999,0.124449683,1.056074117
357,PET,0.097036319,0.10112426,0.014281534,0.000203962,0.01857871,0.135153436,-0.424859558,-0.436893195,0.107508858,0.011558155,0.145210726,1.052553016
358,PET,0.075265632,0.075602377,0.00626396,3.92E-05,0.005035708,0.123298541,-0.461407085,-0.47475991,0.099037391,0.009808405,0.127043891,1.058514624
359,PET,0.094061581,0.094285998,0.005887443,3.47E-05,0.006189724,0.127008561,-0.431486889,-0.443425367,0.101869784,0.010377453,0.134899441,1.049106022
360,PET,0.069164683,0.068344473,0.004169744,1.74E-05,0.003767243,0.10875412,-0.467894893,-0.481544326,0.098540056,0.009710143,0.124867012,1.063897298
361,PET,0.071175219,0.070662043,0.004648447,2.16E-05,0.004368095,0.119397775,-0.464973341,-0.478532411,0.098499947,0.00970224,0.125366764,1.052251397
362,PET,0.095312273,0.095010834,0.004800692,2.30E-05,0.005150156,0.125949918,-0.431497144,-0.443251837,0.102975898,0.010604036,0.13714248,1.056030538
363,PET,0.065213418,0.064663065,0.004478943,2.01E-05,0.004234572,0.102459485,-0.469942465,-0.483929124,0.098608816,0.009723699,0.123758934,1.071585434
364,PET,0.081078351,0.08065716,0.004665454,2.18E-05,0.004711439,0.118043475,-0.454023097,-0.467035454,0.099594193,0.009919003,0.129253366,1.052625419
365,PET,0.060061956,0.059331701,0.004384818,1.92E-05,0.00395799,0.107428432,-0.472061244,-0.486224049,0.099595431,0.00991925,0.123713625,1.119751708
366,PET,0.096458769,0.096374672,0.005204643,2.71E-05,0.005760544,0.11217802,-0.428787517,-0.44027037,0.104019052,0.010819963,0.139211459,1.053227451
367,PET,0.076721752,0.075993408,0.004373913,1.91E-05,0.004253647,0.106303028,-0.460504226,-0.473657345,0.099245242,0.009849618,0.128060488,1.060588814
368,PET,0.101037222,0.100799991,0.004954713,2.45E-05,0.005073857,0.115888039,-0.419763573,-0.430941927,0.105127456,0.011051782,0.141124605,1.055288752
369,PET,0.085258329,0.084672374,0.004448647,1.98E-05,0.00438717,0.110041659,-0.44972826,-0.462302027,0.100975392,0.01019603,0.132679065,1.055639155
370,PET,0.071438038,0.071119835,0.00482996,2.33E-05,0.004663752,0.117442623,-0.465708082,-0.479241065,0.098526079,0.009707388,0.12533145,1.070066144
371,PET,0.090526284,0.090156336,0.004863671,2.37E-05,0.004997558,0.110356391,-0.439606384,-0.451836196,0.101308729,0.010263459,0.133651669,1.053119022
372,PET,0.059628617,0.058902521,0.004392075,1.93E-05,0.003929378,0.106264878,-0.471639709,-0.485955036,0.099563341,0.009912859,0.123377038,1.081180594
373,PET,0.095912715,0.095392327,0.004635579,2.15E-05,0.004692364,0.12347975,-0.428520088,-0.440165209,0.102928988,0.010594377,0.137093281,1.058247219
374,PET,0.100291126,0.100037005,0.004981466,2.48E-05,0.005035708,0.112349692,-0.419752093,-0.431019028,0.104317185,0.010882075,0.139737137,1.060353473
375,PET,0.099685167,0.099455228,0.004827463,2.33E-05,0.004835424,0.114896158,-0.42167329,-0.433038805,0.104048907,0.010826175,0.139189282,1.049701582
376,PET,0.111340143,0.111090765,0.004966497,2.47E-05,0.005197842,0.141944012,-0.393256086,-0.403079115,0.109195542,0.011923666,0.148529479,1.053833637
377,PET,0.080037465,0.079712965,0.004996565,2.50E-05,0.005121544,0.107476119,-0.452637353,-0.465537264,0.099121345,0.009825041,0.12836816,1.052280571
378,PET,0.081258824,0.080876518,0.004670513,2.18E-05,0.00449208,0.117805042,-0.453943166,-0.466902646,0.099350211,0.009870465,0.128909103,1.060962284
379,PET,0.095873903,0.095640298,0.004796761,2.30E-05,0.005007096,0.111224287,-0.42832148,-0.440016402,0.102738374,0.010555174,0.136734338,1.041042854
380,PET,0.090852016,0.090404306,0.004681673,2.19E-05,0.004501618,0.118711088,-0.438356838,-0.450516488,0.101541483,0.010310673,0.13427603,1.054860469
381,PET,0.079702282,0.079102576,0.004474727,2.00E-05,0.004139199,0.109869987,-0.456836256,-0.469848066,0.099575041,0.009915189,0.12905142,1.057060762
382,PET,0.088268588,0.089159685,0.006829011,4.66E-05,0.007505875,0.116708249,-0.439560151,-0.451830695,0.100169101,0.010033849,0.131363794,1.048218502
383,PET,0.112858654,0.112788409,0.005212614,2.72E-05,0.005092932,0.14615951,-0.390211057,-0.400228339,0.109288877,0.011944059,0.148186274,1.055618037
384,PET,0.070677779,0.070938625,0.005941152,3.53E-05,0.005894067,0.110022584,-0.467068573,-0.480551723,0.099241058,0.009848788,0.126591073,1.082377483
385,PET,0.13627953,0.13728026,0.006809375,4.64E-05,0.008440533,0.136297916,-0.310955733,-0.318372601,0.116445529,0.013559561,0.160318777,1.036146809
386,PET,0.125336104,0.126007142,0.00645433,4.17E-05,0.006590292,0.127161158,-0.351011848,-0.35979812,0.113946285,0.012983756,0.15568049,1.046535526
387,PET,0.080639338,0.080285204,0.004766284,2.27E-05,0.004740051,0.118033938,-0.454500064,-0.467581264,0.099517136,0.00990366,0.129024586,1.050835408
388,PET,0.109143291,0.108601523,0.004550937,2.07E-05,0.004654215,0.118243759,-0.396905281,-0.407125821,0.107393984,0.011533468,0.145427455,1.052532112
389,PET,0.09606423,0.095792895,0.004876944,2.38E-05,0.004806812,0.125043872,-0.429873319,-0.441605298,0.103173881,0.01064485,0.137412521,1.063193563
390,PET,0.087731443,0.087533571,0.004823981,2.33E-05,0.004816349,0.108811344,-0.442355382,-0.454710809,0.100360635,0.010072257,0.131686216,1.04621594
391,PET,0.065656714,0.06525438,0.004725186,2.23E-05,0.004453931,0.111653467,-0.468747204,-0.482649845,0.098648269,0.009731481,0.123827626,1.064245931
392,PET,0.078342586,0.07805347,0.004860808,2.36E-05,0.004844961,0.129726698,-0.458577358,-0.47176164,0.099341964,0.009868826,0.128200594,1.06419293
393,PET,0.095775653,0.09595503,0.005449376,2.97E-05,0.005941754,0.111844214,-0.429069184,-0.440849145,0.102725839,0.010552598,0.136591614,1.046566324
394,PET,0.063005821,0.062421794,0.004479284,2.01E-05,0.00434902,0.099598288,-0.473721704,-0.487837229,0.099284999,0.009857511,0.124071126,1.061793547
395,PET,0.08256025,0.082335729,0.005057375,2.56E-05,0.005655634,0.108668284,-0.453499504,-0.466334425,0.100021469,0.010004294,0.130143794,1.057288357
396,PET,0.082152907,0.082431102,0.005392748,2.91E-05,0.006113426,0.105826161,-0.454582022,-0.467594752,0.099674026,0.009934911,0.129420365,1.059240129
397,PET,0.089138698,0.089030931,0.00498484,2.48E-05,0.005255066,0.108181881,-0.442649686,-0.455057409,0.101139933,0.010229286,0.133067122,1.04936432
398,PET,0.07689213,0.076441662,0.005048205,2.55E-05,0.004749588,0.113761216,-0.458579904,-0.471656307,0.099012426,0.009803461,0.127566723,1.055666523
399,PET,0.070649851,0.070414073,0.004861241,2.36E-05,0.005007096,0.117623833,-0.462634324,-0.476204481,0.098203395,0.009643907,0.124598139,1.06289089
400,PU,0.029689649,0.030137948,0.005953874,3.54E-05,0.006218336,0.101057499,-0.414635469,-0.439252353,0.13527905,0.018300421,0.14927448,1.545066121
401,PU,0.036050954,0.034992446,0.00436121,1.90E-05,0.003938915,0.089822529,-0.441647895,-0.460500978,0.116222025,0.013507559,0.132153632,1.303378791
402,PU,0.028753981,0.027639169,0.004245109,1.80E-05,0.003738632,0.087667094,-0.413121677,-0.435309331,0.131971135,0.017416381,0.146798135,1.452993781
403,PU,0.036252515,0.035211805,0.004214419,1.78E-05,0.003719557,0.089975127,-0.435567056,-0.453975507,0.11575682,0.013399641,0.132066887,1.308423205
404,PU,0.030014385,0.028993469,0.004296948,1.85E-05,0.00381493,0.087791079,-0.421669958,-0.443253466,0.128794035,0.016587904,0.143913689,1.406385126
405,PU,0.037282265,0.036270448,0.004215509,1.78E-05,0.003757706,0.091644159,-0.438650636,-0.456721666,0.114164562,0.013033547,0.130684447,1.318960009
406,PU,0.033539394,0.032445981,0.004185549,1.75E-05,0.003681408,0.089660395,-0.431284433,-0.45098039,0.120802813,0.01459332,0.136417978,1.346109332
407,PU,0.03599266,0.034973372,0.004253448,1.81E-05,0.003748169,0.095020372,-0.435061038,-0.453481566,0.116295738,0.013524699,0.13235429,1.326554306
408,PU,0.03441511,0.033361564,0.004241669,1.80E-05,0.003786318,0.08964132,-0.431281975,-0.450549468,0.119293067,0.014230836,0.135279893,1.361966181
409,PU,0.037483038,0.036489807,0.004209878,1.77E-05,0.003719557,0.090928859,-0.435372968,-0.453191735,0.11361408,0.012908159,0.1301942,1.300779203
410,PU,0.035285309,0.034200848,0.004218134,1.78E-05,0.003748169,0.089975127,-0.43269824,-0.451477895,0.117479965,0.013801542,0.133628383,1.33022721
411,PU,0.033351422,0.032331533,0.00421055,1.77E-05,0.00371002,0.088601752,-0.430169844,-0.449607892,0.120457198,0.014509937,0.136051478,1.354404909
412,PU,0.030795976,0.029718306,0.004193971,1.76E-05,0.00371002,0.094820088,-0.42474415,-0.44569773,0.12616962,0.015918773,0.14149604,1.381733405
413,PU,0.02872015,0.027610557,0.004247415,1.80E-05,0.003748169,0.088058124,-0.415269457,-0.437455829,0.1321627,0.017466979,0.147134881,1.408793765
414,PU,0.045097698,0.044167353,0.004262376,1.82E-05,0.003834005,0.097290255,-0.454686347,-0.47087597,0.105832235,0.011200462,0.125192343,1.217870881
415,PU,0.034519451,0.033456937,0.004196861,1.76E-05,0.003700482,0.089956052,-0.430791514,-0.449914137,0.118900318,0.014137286,0.134871691,1.324202963
416,PU,0.034794468,0.033762131,0.004246172,1.80E-05,0.003776781,0.089259827,-0.432612341,-0.451686034,0.118682863,0.014085622,0.134854574,1.318021778
417,PU,0.032371476,0.031282427,0.004174096,1.74E-05,0.00367187,0.088334707,-0.423790686,-0.443764117,0.122735618,0.015064032,0.138380554,1.368108669
418,PU,0.080108091,0.07940777,0.004295846,1.85E-05,0.00410105,0.108658747,-0.456640503,-0.469617238,0.099562222,0.009912636,0.12912979,1.058354561
419,PU,0.035503763,0.034429744,0.004185532,1.75E-05,0.003700482,0.090976546,-0.435494456,-0.454288937,0.117373486,0.013776535,0.133801147,1.315629387
420,PU,0.031258265,0.030281008,0.004334957,1.88E-05,0.003929378,0.088029512,-0.420908272,-0.441741356,0.126148799,0.01591352,0.141687215,1.36090745
421,PU,0.03986562,0.038855063,0.004195525,1.76E-05,0.003681408,0.09320828,-0.434935744,-0.451779266,0.110402864,0.012188792,0.127594459,1.279125189
422,PU,0.03268599,0.031711607,0.004307838,1.86E-05,0.00381493,0.090633202,-0.427587632,-0.447594793,0.122544493,0.015017153,0.138200663,1.34012405
423,PU,0.028450217,0.027372124,0.004295555,1.85E-05,0.003843542,0.089870216,-0.414272682,-0.436757009,0.133371809,0.017788039,0.14876081,1.41504594
424,PU,0.035774545,0.034725401,0.004221644,1.78E-05,0.003700482,0.088411005,-0.434792032,-0.453463202,0.117008919,0.013691087,0.1335513,1.317748579
425,PU,0.043055318,0.042193127,0.004333075,1.88E-05,0.00371002,0.096269761,-0.455087002,-0.471786479,0.107810945,0.0116232,0.126464636,1.237580519
426,PU,0.037892602,0.036918986,0.004248692,1.81E-05,0.003690945,0.090642739,-0.434986649,-0.452781417,0.113637531,0.012913488,0.130636164,1.310868759
427,PU,0.03412743,0.03316128,0.004305112,1.85E-05,0.003853079,0.089364738,-0.428595781,-0.447945975,0.119951433,0.014388346,0.135905129,1.340245816
428,PU,0.031063852,0.030099799,0.004453076,1.98E-05,0.003757706,0.095506775,-0.418734339,-0.439658026,0.126786637,0.016074851,0.142369668,1.393197914
429,PU,0.040192075,0.03929378,0.004287126,1.84E-05,0.003881691,0.091110068,-0.441193023,-0.458276332,0.110636032,0.012240331,0.128286366,1.260266051
430,PU,0.034112784,0.033094519,0.004279627,1.83E-05,0.003795855,0.090938397,-0.427250341,-0.446415566,0.119612602,0.014307175,0.135501165,1.337066793
431,PU,0.039184894,0.038139764,0.00418532,1.75E-05,0.003719557,0.090156336,-0.436415744,-0.453650956,0.111450502,0.012421214,0.128822923,1.29853807
432,PU,0.036865204,0.035841268,0.00424301,1.80E-05,0.003738632,0.094352759,-0.432661933,-0.450700372,0.115023551,0.013230417,0.131666372,1.30940885
433,PU,0.037291711,0.036318135,0.004295744,1.85E-05,0.003805393,0.095068058,-0.434470172,-0.452501404,0.114504189,0.013111209,0.131493781,1.298697537
434,PU,0.033657452,0.032579503,0.00419289,1.76E-05,0.003700482,0.089297977,-0.427629069,-0.447001815,0.120264272,0.014463495,0.136149069,1.357376178
435,PU,0.03765831,0.036356284,0.005212092,2.72E-05,0.003929378,0.128343786,-0.436735653,-0.454642625,0.114193559,0.013040169,0.131138372,1.305865054
436,PU,0.031797771,0.030757874,0.004301075,1.85E-05,0.003843542,0.098100928,-0.423250834,-0.443582088,0.124456701,0.01548947,0.139759879,1.386335632
437,PU,0.026202583,0.025054554,0.004256746,1.81E-05,0.003748169,0.087619407,-0.40364074,-0.427385891,0.139803586,0.019545043,0.155110275,1.470692641
438,PU,0.030195852,0.029231902,0.004337267,1.88E-05,0.003834005,0.095764283,-0.419562178,-0.440918297,0.128098741,0.016409288,0.143358858,1.39107838
439,PU,0.032519334,0.031435024,0.004207579,1.77E-05,0.003700482,0.088658976,-0.432428034,-0.452776555,0.123403646,0.01522846,0.139286853,1.36737796
440,PU,0.035851868,0.034792163,0.004192297,1.76E-05,0.003681408,0.090041888,-0.434180335,-0.452792941,0.116856271,0.013655388,0.133313522,1.322358699
441,PU,0.037470523,0.036461195,0.004232154,1.79E-05,0.00371002,0.091415263,-0.435994344,-0.45393066,0.114127069,0.013024988,0.131028992,1.327216237
442,PU,0.032287052,0.031253815,0.004182296,1.75E-05,0.003643258,0.089202603,-0.427929622,-0.447980414,0.122776736,0.015074127,0.138212974,1.376130777
443,PU,0.033605347,0.032503205,0.004156962,1.73E-05,0.003643258,0.089975127,-0.429678238,-0.449130066,0.120465078,0.014511835,0.136290862,1.360956953
444,PU,0.030157326,0.029050693,0.0042064,1.77E-05,0.00371002,0.08693272,-0.420814911,-0.441980435,0.127970977,0.016376571,0.142990019,1.414901212
445,PU,0.039606672,0.038559406,0.004250053,1.81E-05,0.003805393,0.091501099,-0.437297857,-0.454408059,0.111041016,0.012330107,0.128433629,1.297392925
446,PU,0.034017577,0.032999145,0.004244572,1.80E-05,0.003748169,0.092311771,-0.426868615,-0.44599153,0.11960417,0.014305157,0.135450896,1.348211431
447,PU,0.029042443,0.027915751,0.004234477,1.79E-05,0.003738632,0.087047168,-0.415292827,-0.437184334,0.131347735,0.017252228,0.146718151,1.421489304
448,PU,0.036652819,0.03562191,0.004209668,1.77E-05,0.00371002,0.090184948,-0.434963093,-0.453161153,0.115443855,0.013327284,0.132017917,1.299168915
449,PU,0.033827678,0.032837011,0.004281325,1.83E-05,0.003853079,0.090690426,-0.433204684,-0.452873562,0.12060621,0.014545858,0.13668931,1.329033782
450,ABS,0.254797845,0.254389077,0.005960334,3.55E-05,0.006485381,0.147885766,-0.010165693,-0.009484473,0.047771507,0.002282117,0.061237075,0.631801594
451,ABS,0.225208209,0.22460401,0.005892991,3.47E-05,0.005751007,0.165281847,-0.0333135,-0.030643001,0.065717215,0.004318752,0.086698595,0.759886165
452,ABS,0.248147641,0.247789248,0.006089211,3.71E-05,0.006456769,0.151290591,-0.013506675,-0.012480024,0.051470807,0.002649244,0.066670845,0.656812919
453,ABS,0.222260357,0.221695126,0.00596295,3.56E-05,0.005808231,0.165882699,-0.037305337,-0.034312051,0.067902853,0.004610798,0.089807925,0.75898374
454,ABS,0.241261137,0.240817463,0.006008314,3.61E-05,0.006351859,0.153980117,-0.017875186,-0.016488808,0.055389927,0.003068044,0.07222329,0.69124669
455,ABS,0.198639132,0.198023485,0.005965552,3.56E-05,0.005274141,0.182487182,-0.081577685,-0.077010704,0.087300357,0.007621352,0.119385165,0.803310675
456,ABS,0.248615743,0.248113517,0.005937707,3.53E-05,0.006494919,0.151424113,-0.013184726,-0.012231123,0.051151571,0.002616483,0.066254881,0.664332904
457,ABS,0.185152533,0.18598738,0.008945214,8.00E-05,0.010395685,0.195143212,-0.120074965,-0.114745278,0.101443505,0.010290785,0.141334418,0.853202742
458,ABS,0.277609287,0.27716421,0.005801984,3.37E-05,0.006771501,0.134581197,-0.00359378,-0.003276031,0.035198944,0.001238966,0.041930417,0.583130036
459,ABS,0.311279131,0.3125,0.002721365,7.41E-06,0.001630883,0.105025026,2.75E-05,0,0.007678251,5.90E-05,0,0.463120199
460,ABS,0.146392454,0.145778017,0.004565429,2.08E-05,0.004177348,0.12390893,-0.256455181,-0.262026563,0.113396971,0.012858873,0.157495052,0.981921525
461,ABS,0.239372559,0.238890924,0.005980654,3.58E-05,0.006323247,0.157642449,-0.019371457,-0.017837191,0.056546247,0.003197478,0.073843708,0.720965397
462,ABS,0.16558343,0.164909891,0.004942483,2.44E-05,0.004425319,0.160570408,-0.184717636,-0.185440733,0.11019573,0.012143099,0.155371972,0.919213346
463,ABS,0.297781227,0.297793444,0.005533538,3.06E-05,0.006943173,0.122688152,-0.000827373,-0.00030009,0.022954253,0.000526898,0.025899682,0.541282755
464,ABS,0.271727347,0.271308292,0.005913761,3.50E-05,0.006771501,0.137375633,-0.004794109,-0.004480609,0.038455111,0.001478796,0.046923415,0.595403619
465,ABS,0.28866993,0.288971419,0.006037864,3.65E-05,0.006504456,0.127351904,-0.001914756,-0.001000017,0.028863303,0.00083309,0.032974126,0.56657817
466,ABS,0.253852592,0.253387658,0.005933917,3.52E-05,0.006494919,0.148934872,-0.010533057,-0.009783408,0.048285505,0.00233149,0.061977665,0.653667076
467,ABS,0.311544688,0.3125,0.002264897,5.13E-06,0.000762986,0.088906946,-0.000143319,0,0.007017645,4.92E-05,0,0.366608918
468,ABS,0.294961452,0.294951321,0.00575196,3.31E-05,0.00709577,0.125778246,-0.001095554,-0.000619235,0.024909118,0.000620464,0.027655561,0.548333585
469,ABS,0.311566157,0.3125,0.002305612,5.32E-06,0.00067715,0.091968428,-0.000133195,0,0.006923045,4.79E-05,0,0.391706668
470,ABS,0.206823451,0.206254196,0.006062791,3.68E-05,0.005541186,0.175639382,-0.062903635,-0.058552371,0.080219252,0.006435128,0.108256686,0.785325134
471,ABS,0.161084448,0.160427348,0.004838949,2.34E-05,0.00438717,0.152978697,-0.20141855,-0.203332836,0.111716178,0.012480504,0.15720653,0.945865524
472,ABS,0.214841811,0.214236938,0.00589151,3.47E-05,0.005340902,0.172816334,-0.048172151,-0.044550606,0.073524187,0.005405806,0.098058893,0.787909666
473,ABS,0.177999008,0.177413325,0.005450536,2.97E-05,0.004673289,0.185624962,-0.141233719,-0.138809595,0.103667342,0.010746918,0.145847353,0.86742137
474,ABS,0.198683809,0.198309604,0.006211947,3.86E-05,0.005388589,0.181991241,-0.081526653,-0.076733437,0.087454309,0.007648256,0.119500998,0.807978075
475,ABS,0.213264747,0.212653742,0.005976604,3.57E-05,0.005636559,0.171662318,-0.050616956,-0.046802657,0.074815103,0.0055973,0.09997005,0.78449824
476,ABS,0.25600283,0.255476332,0.005948037,3.54E-05,0.00670474,0.145501434,-0.009557073,-0.008921708,0.047077566,0.002216297,0.060322917,0.627620396
477,ABS,0.264685701,0.264288821,0.005932115,3.52E-05,0.006647516,0.142125221,-0.006481862,-0.006083999,0.042363365,0.001794655,0.053101585,0.609230166
478,ABS,0.220406764,0.219778124,0.005852334,3.42E-05,0.005541186,0.16880112,-0.039432272,-0.036275588,0.06923603,0.004793628,0.091736704,0.766526179
479,ABS,0.229200369,0.228809971,0.006154403,3.79E-05,0.006428157,0.163622352,-0.028581788,-0.026298241,0.062973088,0.00396561,0.08285961,0.747158407
480,ABS,0.203439618,0.202868446,0.006035549,3.64E-05,0.005350439,0.178147699,-0.07012149,-0.06560879,0.083167085,0.006916764,0.11279965,0.795656778
481,ABS,0.215136451,0.214589819,0.00590517,3.49E-05,0.005274141,0.170947018,-0.047413834,-0.043816683,0.073266709,0.005368011,0.097553461,0.780187604
482,ABS,0.231810494,0.231261063,0.005789105,3.35E-05,0.005541186,0.16131432,-0.025811729,-0.023791776,0.061206848,0.003746278,0.080378412,0.731768182
483,ABS,0.194860652,0.194208555,0.005808444,3.37E-05,0.004997558,0.184718916,-0.090841819,-0.086394157,0.090418542,0.008175513,0.124475092,0.812733197
484,ABS,0.300952476,0.30091215,0.005129783,2.63E-05,0.00652353,0.117452161,-0.000575192,0,0.020420491,0.000416996,0.023945709,0.524971057
485,ABS,0.228280505,0.227713178,0.005875257,3.45E-05,0.005827306,0.163889398,-0.029575382,-0.027199062,0.063654637,0.004051913,0.08370215,0.750201509
486,ABS,0.28416677,0.283735427,0.005677794,3.22E-05,0.006657053,0.130022355,-0.002450049,-0.002032314,0.031494499,0.000991903,0.036119336,0.57516934
487,ABS,0.254834328,0.254322316,0.005904839,3.49E-05,0.006475844,0.147599646,-0.010211246,-0.009505738,0.047709326,0.00227618,0.061198207,0.635764846
488,ABS,0.207591127,0.206940884,0.005890905,3.47E-05,0.005083394,0.177623146,-0.061347748,-0.057160611,0.079495295,0.006319502,0.107068038,0.796928585
489,ABS,0.279245237,0.278938152,0.00585166,3.42E-05,0.006723814,0.132902628,-0.003232499,-0.002925026,0.034296479,0.001176248,0.040257589,0.582507268
490,ABS,0.202864809,0.202219908,0.005897067,3.48E-05,0.004997558,0.179063282,-0.071436913,-0.066978267,0.083484199,0.006969611,0.113341581,0.790132683
491,ABS,0.215360085,0.214856864,0.00594604,3.54E-05,0.005445813,0.171214063,-0.047135943,-0.043448319,0.073201085,0.005358399,0.097437995,0.776863445
492,ABS,0.296610577,0.296648965,0.005649127,3.19E-05,0.006962247,0.122115913,-0.00087526,-0.000381522,0.023744168,0.000563786,0.026625642,0.54165248
493,ABS,0.206652117,0.206149286,0.00609985,3.72E-05,0.005569798,0.175372337,-0.063519653,-0.059186509,0.080471923,0.00647573,0.108517329,0.789514061
494,ABS,0.258902448,0.258518739,0.005981714,3.58E-05,0.006599829,0.145797091,-0.008514496,-0.007972465,0.045496311,0.002069914,0.057857439,0.622971129
495,ABS,0.246072845,0.245624275,0.006059167,3.67E-05,0.006742889,0.152482757,-0.014517903,-0.013458505,0.052613734,0.002768205,0.068399813,0.664707707
496,ABS,0.177355902,0.176755249,0.005324093,2.83E-05,0.004644677,0.182277361,-0.1439193,-0.141743528,0.104095436,0.01083586,0.146540601,0.873461727
497,ABS,0.23572228,0.235247665,0.005960147,3.55E-05,0.006170649,0.160417811,-0.022208317,-0.020448367,0.058785235,0.003455704,0.076975881,0.723473773
498,ABS,0.245664973,0.246420642,0.007309193,5.34E-05,0.008745727,0.154065953,-0.015393642,-0.014173288,0.053001487,0.002809158,0.068451489,0.675183677
499,ABS,0.234364445,0.233778917,0.005836937,3.41E-05,0.005874992,0.159902796,-0.023362297,-0.021497496,0.059605778,0.003552849,0.078107363,0.723771851
500,PE-LD,0.00360319,0.003131295,0.001694361,2.87E-06,0.001580907,0.029986877,-0.14779044,-0.17260841,0.287623681,0.082727382,0.381523462,1.790120539
501,PE-LD,0.003698454,0.003218275,0.001709981,2.92E-06,0.001550388,0.029671,-0.15898216,-0.185525559,0.277405874,0.076954019,0.361606117,1.779488777
502,PE-LD,0.003622854,0.003151132,0.001675037,2.81E-06,0.001558017,0.029512299,-0.15152073,-0.17714899,0.281490599,0.079236957,0.36938526,1.776996469
503,PE-LD,0.003893046,0.003442593,0.001632878,2.67E-06,0.001499268,0.029596228,-0.190210098,-0.219512194,0.264561467,0.06999277,0.339026158,1.741304855
504,PE-LD,0.003724283,0.003271684,0.001635316,2.67E-06,0.001504608,0.029522981,-0.17019605,-0.197400803,0.273304586,0.074695396,0.354115119,1.75350414
505,PE-LD,0.004232486,0.003402918,0.002945463,8.68E-06,0.001704511,0.03721388,-0.173568999,-0.202813164,0.264687692,0.070059574,0.334692817,1.758631489
506,PE-LD,0.003545875,0.003094671,0.001632914,2.67E-06,0.001501556,0.029405481,-0.142836575,-0.166782006,0.282865739,0.080013026,0.371083811,1.778747919
507,PE-LD,0.003782336,0.003325093,0.001644234,2.70E-06,0.001513764,0.029455838,-0.178345219,-0.206644518,0.270986853,0.073433874,0.350495097,1.756027123
508,PE-LD,0.003670845,0.003221327,0.001630913,2.66E-06,0.001501556,0.02948178,-0.160612284,-0.186653267,0.275199217,0.075734609,0.35753612,1.770900828
509,PE-LD,0.003652422,0.003198437,0.001641532,2.69E-06,0.001513764,0.029403955,-0.15685049,-0.182490751,0.277717112,0.077126794,0.362074127,1.774469795
510,PE-LD,0.004313359,0.003439541,0.003044547,9.27E-06,0.001774705,0.035954953,-0.174833234,-0.20462762,0.264497448,0.0699589,0.334819124,1.757500821
511,PE-LD,0.003741213,0.003293048,0.001622118,2.63E-06,0.001487823,0.029390222,-0.173457787,-0.201040424,0.270795112,0.073329993,0.349545204,1.751212435
512,PE-LD,0.003585343,0.003131295,0.001638127,2.68E-06,0.00150766,0.029524507,-0.148490095,-0.173006134,0.281390615,0.079180678,0.368473429,1.777092818
513,PE-LD,0.003694014,0.003241165,0.001638691,2.69E-06,0.001510712,0.029468046,-0.163237122,-0.189453124,0.274999642,0.075624803,0.357104245,1.764330356
514,PE-LD,0.003681395,0.003230483,0.00163842,2.68E-06,0.001512238,0.029449734,-0.15899902,-0.184705882,0.275450543,0.075873001,0.357966368,1.767564096
515,PE-LD,0.003832393,0.003381554,0.001633182,2.67E-06,0.001500031,0.029518403,-0.17722291,-0.205083105,0.266887682,0.071229035,0.342788869,1.747931164
516,PE-LD,0.003683048,0.003233535,0.001629058,2.65E-06,0.001498505,0.0292773,-0.159499925,-0.185378589,0.274545799,0.075375396,0.35605732,1.767857273
517,PE-LD,0.003693415,0.003242691,0.001636651,2.68E-06,0.00150766,0.029330709,-0.162955555,-0.189365165,0.274931457,0.075587306,0.356951839,1.76764877
518,PE-LD,0.004044194,0.003631813,0.001702632,2.90E-06,0.0017274,0.029362754,-0.175635952,-0.204272362,0.259210531,0.067190099,0.327623549,1.756857752
519,PE-LD,0.003552367,0.003099249,0.001639891,2.69E-06,0.001509186,0.029480254,-0.145730457,-0.169889863,0.283548863,0.080399958,0.372382159,1.779805851
520,PE-LD,0.003871573,0.003421229,0.001635716,2.68E-06,0.00150766,0.029347494,-0.174643023,-0.201787994,0.264559158,0.069991548,0.338856017,1.744156771
521,PE-LD,0.003591374,0.003138924,0.001636938,2.68E-06,0.001506134,0.029590124,-0.148909707,-0.173544209,0.280859313,0.078881954,0.36763131,1.77806621
522,PE-LD,0.003657837,0.003206067,0.001635389,2.67E-06,0.001504608,0.029396325,-0.163306573,-0.189819266,0.276989053,0.076722936,0.360770319,1.768645798
523,PE-LD,0.003580976,0.003128243,0.00163745,2.68E-06,0.001506134,0.029570286,-0.153834867,-0.179300291,0.281909885,0.079473183,0.369644204,1.780863938
524,PE-LD,0.003729771,0.00328084,0.001644209,2.70E-06,0.00153055,0.029486358,-0.166904609,-0.193617054,0.272715322,0.074373647,0.352699056,1.769105974
525,PE-LD,0.003790249,0.003338827,0.001633106,2.67E-06,0.001500031,0.029297137,-0.170469017,-0.197530863,0.269071771,0.072399618,0.346506386,1.753272437
526,PE-LD,0.004348888,0.003575352,0.002553481,6.52E-06,0.00182964,0.036788134,-0.193168504,-0.226525253,0.258678619,0.066914628,0.32484375,1.747068986
527,PE-LD,0.005820714,0.00390954,0.005825759,3.39E-05,0.002118049,0.046201856,-0.193263384,-0.221288515,0.243874765,0.059474901,0.300273814,1.727749256
528,PE-LD,0.00385741,0.00328084,0.002129311,4.53E-06,0.001576329,0.033896417,-0.163015648,-0.190511219,0.273376071,0.074734476,0.353686203,1.753214365
529,PE-LD,0.003722597,0.003271684,0.001642873,2.70E-06,0.001524446,0.029321553,-0.16393077,-0.190756905,0.273580431,0.074846252,0.354574035,1.771736459
530,PE-LD,0.003855404,0.003386132,0.001705711,2.91E-06,0.001583959,0.030374474,-0.162953686,-0.189096115,0.2755542,0.075930117,0.359067003,1.761543097
531,PE-LD,0.003728442,0.003264054,0.001665391,2.77E-06,0.001541232,0.029391748,-0.162468136,-0.188937909,0.274490221,0.075344882,0.356491722,1.76506602
532,PE-LD,0.004485525,0.003523469,0.003621464,1.31E-05,0.001698407,0.045716596,-0.179597312,-0.207868852,0.258927751,0.06704358,0.326230957,1.731964097
533,PE-LD,0.004701388,0.003715742,0.003189943,1.02E-05,0.00194714,0.035817616,-0.187826877,-0.219144489,0.252321058,0.063665916,0.311293905,1.721797035
534,PE-LD,0.003863876,0.003409022,0.001637505,2.68E-06,0.001512238,0.029326131,-0.18531926,-0.214321232,0.265750512,0.070623335,0.340926158,1.74855393
535,PE-LD,0.003739844,0.003286944,0.00163865,2.69E-06,0.001510712,0.029310871,-0.166104084,-0.192728809,0.272506494,0.074259789,0.352638098,1.757436357
536,PE-LD,0.003642239,0.003193859,0.001628761,2.65E-06,0.001501556,0.029213209,-0.160347548,-0.186560565,0.276728741,0.076578796,0.360157362,1.769255777
537,PE-LD,0.003782494,0.003331197,0.001634905,2.67E-06,0.001503082,0.029400903,-0.172724566,-0.20008874,0.269916166,0.072854737,0.348131843,1.745913659
538,PE-LD,0.003774721,0.003322041,0.001637525,2.68E-06,0.00150766,0.029503144,-0.170408675,-0.197621545,0.270537124,0.073190336,0.349106245,1.750746887
539,PE-LD,0.003910384,0.003465483,0.001642346,2.70E-06,0.001521394,0.029771715,-0.182782966,-0.210895583,0.263006398,0.069172365,0.335751245,1.738119144
540,PE-LD,0.003702511,0.00325032,0.001635291,2.67E-06,0.001503082,0.029529085,-0.162807375,-0.189030981,0.274253619,0.075215047,0.35577271,1.76516029
541,PE-LD,0.003763089,0.003306781,0.001642739,2.70E-06,0.001519868,0.029303241,-0.16445919,-0.190819671,0.271121691,0.073506971,0.35025497,1.753308991
542,PE-LD,0.00378553,0.003302204,0.001722578,2.97E-06,0.001585485,0.03023561,-0.169686864,-0.197444831,0.274015841,0.075084681,0.35739766,1.761920623
543,PE-LD,0.003706372,0.003254898,0.001635563,2.68E-06,0.001503082,0.029501618,-0.161654394,-0.187806396,0.2738211,0.074977995,0.355003577,1.761722768
544,PE-LD,0.003806975,0.003357138,0.001628625,2.65E-06,0.001496979,0.029335287,-0.173277172,-0.20046216,0.267163695,0.07137644,0.343011499,1.749552306
545,PE-LD,0.003864274,0.003410548,0.001642726,2.70E-06,0.001524446,0.029492462,-0.175174674,-0.202823354,0.265408226,0.070441526,0.340248826,1.74891228
546,PE-LD,0.003741336,0.003289996,0.00163389,2.67E-06,0.001504608,0.029338339,-0.167776562,-0.194623027,0.271510657,0.073718037,0.350529749,1.753603149
547,PE-LD,0.003712666,0.003259476,0.001634769,2.67E-06,0.001503082,0.029294085,-0.162596294,-0.188700564,0.273457955,0.074779253,0.354349881,1.761211409
548,PE-LD,0.003621485,0.003169444,0.001638601,2.69E-06,0.00150766,0.029498566,-0.152425971,-0.177479892,0.279047572,0.077867547,0.364339965,1.771346352
549,PE-LD,0.003635758,0.003183178,0.00163971,2.69E-06,0.001510712,0.029443631,-0.154069708,-0.179307828,0.278389607,0.077500773,0.363243724,1.774375653
550,SAN,0.021019994,0.020124519,0.003313748,1.10E-05,0.002923762,0.06908991,-0.433613516,-0.458319623,0.13973226,0.019525105,0.156549102,1.450363766
551,SAN,0.021197163,0.020350363,0.003384726,1.15E-05,0.003027529,0.069474455,-0.434198883,-0.458741719,0.139174465,0.019369532,0.155846827,1.469263702
552,SAN,0.023290812,0.022443997,0.003305651,1.09E-05,0.00293597,0.069407312,-0.445316561,-0.467929393,0.130943428,0.017146181,0.147827331,1.401514068
553,SAN,0.021728754,0.020856986,0.003330217,1.11E-05,0.002923762,0.068876274,-0.437054251,-0.461208242,0.136695915,0.018685773,0.153550808,1.424981083
554,SAN,0.022700146,0.021864127,0.00332188,1.10E-05,0.00293597,0.070060428,-0.440615732,-0.463764351,0.133439919,0.017806212,0.150621918,1.405783941
555,SAN,0.021279231,0.02042361,0.003359067,1.13E-05,0.003027529,0.069395105,-0.432931837,-0.457411503,0.139179468,0.019370924,0.156266863,1.429836187
556,SAN,0.021001994,0.020148935,0.003350779,1.12E-05,0.002990905,0.067307575,-0.430387296,-0.454960834,0.139777303,0.019537694,0.156781142,1.44992929
557,SAN,0.020650698,0.019807117,0.003395306,1.15E-05,0.003015321,0.068778612,-0.426688425,-0.451710341,0.141726649,0.020086443,0.159052141,1.455688068
558,SAN,0.022987299,0.022114387,0.003302625,1.09E-05,0.002911555,0.070145883,-0.440703583,-0.463615022,0.132600164,0.017582803,0.149920765,1.433491042
559,SAN,0.021605092,0.020759324,0.003317935,1.10E-05,0.00293597,0.068265885,-0.435522924,-0.459678521,0.137233678,0.018833082,0.154198291,1.427536632
560,SAN,0.020299881,0.019453092,0.003367468,1.13E-05,0.003009217,0.068534456,-0.425703425,-0.451175126,0.14327103,0.020526588,0.16075253,1.467568797
561,SAN,0.021840664,0.020960752,0.003318897,1.10E-05,0.00293597,0.069108222,-0.435280372,-0.459154928,0.136675445,0.018680177,0.153777606,1.426082445
562,SAN,0.022238871,0.021357505,0.003319144,1.10E-05,0.00293597,0.06952939,-0.437234033,-0.460754941,0.135387292,0.018329719,0.152688286,1.422318794
563,SAN,0.020022208,0.019117378,0.003340167,1.12E-05,0.002972594,0.068113288,-0.423300555,-0.448850653,0.144147363,0.020778462,0.161375061,1.472120282
564,SAN,0.020878268,0.020039065,0.003364653,1.13E-05,0.002972594,0.066355368,-0.429985455,-0.454657617,0.14026525,0.01967434,0.157439969,1.450298212
565,SAN,0.021903522,0.021101141,0.003389801,1.15E-05,0.00304584,0.07191601,-0.437435633,-0.461380339,0.136770569,0.018706188,0.154160188,1.425142202
566,SAN,0.021760205,0.020869194,0.003317767,1.10E-05,0.00293597,0.070463285,-0.433984782,-0.457864331,0.136841554,0.018725611,0.15384471,1.423398971
567,SAN,0.019297394,0.018384911,0.003335358,1.11E-05,0.002954282,0.068418483,-0.419924255,-0.44619105,0.14762076,0.021791889,0.165247402,1.486814159
568,SAN,0.019913695,0.019019716,0.003366244,1.13E-05,0.003015321,0.068784716,-0.423458076,-0.449149735,0.144680523,0.020932454,0.161890599,1.464940733
569,SAN,0.020919949,0.02006348,0.0033603,1.13E-05,0.003009217,0.069236404,-0.430998659,-0.455908902,0.140733194,0.019805832,0.157899189,1.438530849
570,SAN,0.020975229,0.020094,0.003319205,1.10E-05,0.002942074,0.068748093,-0.430485434,-0.455057957,0.139950671,0.01958619,0.157241775,1.465478258
571,SAN,0.020903099,0.020032961,0.003348947,1.12E-05,0.003003113,0.068119392,-0.430713431,-0.455289671,0.140211038,0.019659135,0.157508612,1.466871549
572,SAN,0.020646424,0.019794909,0.003357698,1.13E-05,0.002972594,0.068290301,-0.428350162,-0.453477606,0.141810891,0.020110329,0.159251713,1.442027287
573,SAN,0.02024296,0.019343222,0.003368842,1.13E-05,0.003027529,0.06802173,-0.426093024,-0.451452462,0.143500755,0.020592467,0.160989043,1.468058399
574,SAN,0.020631448,0.019746078,0.003325266,1.11E-05,0.002948178,0.068467314,-0.427940243,-0.452888501,0.141335295,0.019975666,0.15837852,1.448296259
575,SAN,0.023575504,0.02273088,0.003334904,1.11E-05,0.00296649,0.069608741,-0.443178637,-0.465595731,0.130860597,0.017124496,0.148450875,1.373143687
576,SAN,0.022815202,0.022004517,0.00339284,1.15E-05,0.003015321,0.072611854,-0.43803978,-0.460971111,0.132837287,0.017645745,0.149952804,1.38521225
577,SAN,0.019202341,0.018293353,0.003314617,1.10E-05,0.002923762,0.067588354,-0.419363303,-0.445702109,0.147724154,0.021822426,0.165277578,1.488572898
578,SAN,0.020704829,0.019819325,0.00332432,1.11E-05,0.00293597,0.069224196,-0.429452871,-0.454436637,0.141498843,0.020021922,0.158828709,1.448429166
579,SAN,0.021681295,0.020814259,0.003336809,1.11E-05,0.00296649,0.068577184,-0.43452267,-0.458608768,0.137519814,0.018911699,0.15479388,1.431395002
580,SAN,0.017857847,0.01693829,0.003378448,1.14E-05,0.002997009,0.069126534,-0.40351036,-0.430985938,0.154749133,0.023947294,0.17269533,1.524140337
581,SAN,0.020108638,0.019202832,0.003316502,1.10E-05,0.002954282,0.067246536,-0.425230212,-0.450423031,0.142784559,0.02038743,0.159859361,1.446019535
582,SAN,0.021391954,0.02050296,0.003334482,1.11E-05,0.002978697,0.068693158,-0.431542139,-0.45571361,0.138310055,0.019129671,0.155608315,1.451068923
583,SAN,0.018888526,0.017982055,0.003349386,1.12E-05,0.002960386,0.068247574,-0.418283459,-0.445078458,0.149818277,0.022445516,0.167727185,1.488953436
584,SAN,0.022728009,0.021870231,0.00331313,1.10E-05,0.002923762,0.073228346,-0.440135964,-0.463235292,0.133352276,0.017782829,0.150678314,1.406569159
585,SAN,0.024852828,0.024006592,0.003321497,1.10E-05,0.002954282,0.071366661,-0.44732136,-0.468822787,0.12709114,0.016152158,0.144905283,1.370785072
586,SAN,0.020510303,0.019630104,0.003342704,1.12E-05,0.002978697,0.069022768,-0.425374771,-0.450396214,0.142155327,0.020208137,0.159339349,1.443667535
587,SAN,0.022471227,0.021400232,0.003919223,1.54E-05,0.003180126,0.068851859,-0.433127253,-0.456393616,0.134769252,0.018162751,0.15212396,1.424372068
588,SAN,0.02162115,0.020728804,0.003295084,1.09E-05,0.002911555,0.068937313,-0.43633483,-0.460355059,0.137322582,0.018857491,0.154510688,1.43137818
589,SAN,0.024934076,0.024079839,0.003329606,1.11E-05,0.002984801,0.070457181,-0.446456403,-0.467852619,0.126637595,0.01603708,0.144513743,1.373889606
590,SAN,0.022406287,0.021589452,0.003389993,1.15E-05,0.002948178,0.072434841,-0.436714871,-0.460225645,0.1352295,0.018287018,0.152644743,1.420705187
591,SAN,0.020128036,0.019257767,0.00333706,1.11E-05,0.00296649,0.068009522,-0.425175342,-0.450511944,0.143502847,0.020593067,0.160756257,1.462023409
592,SAN,0.018141118,0.01723738,0.003322823,1.10E-05,0.002923762,0.068577184,-0.40859988,-0.435843792,0.152856176,0.023365011,0.170684841,1.508287511
593,SAN,0.021636269,0.020783739,0.003326282,1.11E-05,0.002948178,0.069034975,-0.427696386,-0.451431962,0.136906405,0.018743364,0.153876753,1.437806754
594,SAN,0.022103155,0.021204908,0.00331538,1.10E-05,0.00293597,0.0687603,-0.436546816,-0.460166467,0.13579146,0.018439321,0.152983815,1.423991503
595,SAN,0.021309112,0.020179454,0.004927025,2.43E-05,0.002997009,0.118470366,-0.430179096,-0.45454547,0.139223436,0.019383165,0.156629653,1.445691021
596,SAN,0.019653551,0.018787768,0.003356696,1.13E-05,0.002978697,0.068632119,-0.419816943,-0.445676931,0.145894314,0.021285151,0.163426818,1.464347674
597,SAN,0.021620122,0.020734908,0.003325582,1.11E-05,0.002942074,0.068925105,-0.433587906,-0.457577529,0.137654855,0.018948859,0.154928946,1.444960752
598,SAN,0.022299778,0.021461271,0.0033543,1.13E-05,0.00296649,0.069303546,-0.436570885,-0.460010453,0.134912043,0.018201259,0.152160223,1.407686918
599,SAN,0.021867155,0.021027895,0.003364726,1.13E-05,0.002990905,0.07235549,-0.435098093,-0.458987256,0.136724417,0.018693566,0.154056338,1.433216364
