,polymer,x_bar(ni),M(ni),std(ni),variance(ni),iqr(ni),R(ni),x_bar(nid),M(nid),std(nid),variance(nid),iqr(nid),R(nid)
0,PA,0.014169667,0.013377688,0.002838506,8.06E-06,0.00256872,0.063844975,-0.363076123,-0.389481164,0.155830555,0.024283162,0.174954908,1.523848227
1,PA,0.013771139,0.01297924,0.002834284,8.03E-06,0.002572958,0.063768676,-0.358902965,-0.385729829,0.158822948,0.025224729,0.178221799,1.540949706
2,PA,0.013468228,0.012682523,0.002815685,7.93E-06,0.002556003,0.063895841,-0.356052961,-0.38317759,0.160528683,0.025769458,0.180227508,1.544357551
3,PA,0.013209923,0.012423956,0.002811416,7.90E-06,0.002551764,0.064073871,-0.352909495,-0.380377357,0.162573933,0.026430284,0.182600167,1.553741155
4,PA,0.012933805,0.012148433,0.002813131,7.91E-06,0.002560242,0.063616079,-0.349144228,-0.376989868,0.165040477,0.027238359,0.18566274,1.56185168
5,PA,0.012727997,0.011940731,0.002815906,7.93E-06,0.002564481,0.063658467,-0.346302526,-0.374429222,0.167045465,0.027904187,0.188108969,1.564766642
6,PA,0.01256194,0.011775418,0.002823758,7.97E-06,0.00256872,0.064124736,-0.342429412,-0.370723534,0.168915755,0.028532532,0.190521444,1.562908461
7,PA,0.012388039,0.011601626,0.002829219,8.00E-06,0.002581436,0.064531662,-0.339817704,-0.368338861,0.17076683,0.02916131,0.192957755,1.580656973
8,PA,0.012191392,0.011402402,0.002827865,8.00E-06,0.002577197,0.064099303,-0.336680837,-0.365432097,0.172616597,0.029796489,0.195190491,1.591053968
9,PA,0.013114364,0.012364612,0.00280231,7.85E-06,0.002560242,0.063586407,-0.353737663,-0.381645803,0.164440125,0.027040555,0.185190053,1.558115583
10,PA,0.012744246,0.011987358,0.002807777,7.88E-06,0.002560242,0.06418408,-0.347719005,-0.376044567,0.16778059,0.028150327,0.189350414,1.577810629
11,PA,0.012486673,0.011728791,0.002810287,7.90E-06,0.002564481,0.063764437,-0.343895025,-0.372521502,0.170138742,0.028947192,0.192391488,1.587784689
12,PA,0.012244399,0.01148294,0.002807014,7.88E-06,0.002556003,0.063713572,-0.340919403,-0.369887639,0.172298259,0.02968669,0.194983308,1.595557072
13,PA,0.012016825,0.011258283,0.002802315,7.85E-06,0.002551764,0.06393399,-0.33808936,-0.367269825,0.174222302,0.030353411,0.197096594,1.604375143
14,PA,0.011823515,0.011063297,0.002798941,7.83E-06,0.002543287,0.06357793,-0.334604464,-0.364044026,0.175985652,0.03097095,0.199564166,1.619653016
15,PA,0.011616012,0.010855596,0.00280253,7.85E-06,0.002543287,0.063094705,-0.330430095,-0.35997107,0.178261223,0.031777063,0.202604999,1.606352367
16,PA,0.011258543,0.010491058,0.002819028,7.95E-06,0.002564481,0.064035721,-0.32242085,-0.352396404,0.182728469,0.033389693,0.208278318,1.625229104
17,PA,0.01108102,0.010313028,0.002817556,7.94E-06,0.002560242,0.063599124,-0.320137539,-0.350388304,0.1846863,0.03410903,0.210737055,1.631051026
18,PA,0.01090036,0.010134998,0.00280019,7.84E-06,0.002543287,0.063421094,-0.317517869,-0.347892524,0.185856834,0.034542763,0.212250742,1.638110445
19,PA,0.010771911,0.010003595,0.002807948,7.88E-06,0.002547526,0.063476198,-0.314308872,-0.344827585,0.187772335,0.03525845,0.214944966,1.64552501
20,PC,0.00558459,0.00514863,0.001610947,2.60E-06,0.001483245,0.034438137,-0.328501224,-0.363093166,0.204007818,0.04161919,0.242779508,1.582245227
21,PC,0.005555305,0.005119636,0.001611027,2.60E-06,0.001483245,0.034471708,-0.327029408,-0.361600179,0.204840972,0.041959824,0.243891751,1.58138901
22,PC,0.00552748,0.005090643,0.001610176,2.59E-06,0.001478667,0.034401514,-0.325979945,-0.360661404,0.205490871,0.042226498,0.244807325,1.593462712
23,PC,0.005147453,0.004704572,0.00161201,2.60E-06,0.001475615,0.034613624,-0.306291708,-0.341263329,0.216191169,0.046738622,0.260420309,1.614881847
24,PC,0.005111997,0.004669474,0.001612186,2.60E-06,0.001475615,0.034634987,-0.304411406,-0.339604821,0.217242651,0.047194369,0.26205236,1.625585031
25,PC,0.005083439,0.004640481,0.001612922,2.60E-06,0.001477141,0.034657877,-0.303081355,-0.338129495,0.218163646,0.047595377,0.263586529,1.626263131
26,PC,0.005055919,0.004611488,0.001613433,2.60E-06,0.001477141,0.034676189,-0.301311062,-0.336434107,0.219059136,0.047986905,0.2648533,1.62584025
27,PC,0.005023972,0.004579442,0.00161472,2.61E-06,0.001478667,0.034763169,-0.299009243,-0.334107851,0.220153966,0.048467769,0.266537686,1.626520391
28,PC,0.004987214,0.004542819,0.001616373,2.61E-06,0.001480193,0.034696026,-0.297898303,-0.333100923,0.221577215,0.049096462,0.268961654,1.63200666
29,PC,0.004947499,0.004503144,0.001613564,2.60E-06,0.001477141,0.034676189,-0.295354944,-0.330543932,0.222423031,0.049472005,0.2699033,1.636588679
30,PC,0.00489959,0.004448209,0.001632905,2.67E-06,0.001500031,0.035001221,-0.29310947,-0.328504473,0.22459206,0.050441593,0.273476448,1.633188004
31,PC,0.004870493,0.004420741,0.001630778,2.66E-06,0.001498505,0.035045474,-0.291439469,-0.326846082,0.225551963,0.050873688,0.274805764,1.63220992
32,PC,0.004794986,0.004345968,0.00162587,2.64E-06,0.001492401,0.034956968,-0.287519324,-0.322857142,0.227877684,0.051928239,0.278471594,1.642692397
33,PC,0.004755557,0.004309345,0.001617219,2.62E-06,0.001484771,0.034825734,-0.286529235,-0.321925558,0.228397678,0.052165499,0.279140609,1.647252218
34,PC,0.004739781,0.004294085,0.001617563,2.62E-06,0.001483245,0.034876091,-0.285003466,-0.320306187,0.228933239,0.052410428,0.279962741,1.649504396
35,PC,0.004738621,0.004289507,0.001625654,2.64E-06,0.001492401,0.034920344,-0.283077803,-0.318321,0.229950591,0.052877274,0.281728234,1.654916903
36,PC,0.004997147,0.004555027,0.00161525,2.61E-06,0.001480193,0.034667033,-0.297107336,-0.332306506,0.221055361,0.048865473,0.267904838,1.638764914
37,PC,0.004947761,0.004504669,0.001616328,2.61E-06,0.001478667,0.034718916,-0.294588196,-0.329896906,0.2227521,0.049618498,0.270552943,1.640890507
38,PC,0.00491001,0.00446652,0.001617459,2.62E-06,0.001480193,0.034900507,-0.291977876,-0.327208679,0.224073572,0.050208966,0.27254173,1.64472208
39,PC,0.004875794,0.004431423,0.001618562,2.62E-06,0.001481719,0.034735702,-0.290543281,-0.325898749,0.22533978,0.050778017,0.274413683,1.642832546
40,PE,0.003714232,0.00325795,0.001655219,2.74E-06,0.001556491,0.029509247,-0.160468302,-0.186651583,0.275788406,0.076059245,0.359304218,1.764786226
41,PE,0.00365281,0.003199963,0.001640671,2.69E-06,0.001512238,0.02946652,-0.157014582,-0.182658548,0.277878904,0.077216685,0.362250438,1.774243859
42,PE,0.004253815,0.00360282,0.002309509,5.33E-06,0.001687725,0.02992889,-0.194348813,-0.225893157,0.25744259,0.066276687,0.327036582,1.735439694
43,PE,0.004392484,0.003541781,0.002968099,8.81E-06,0.001701459,0.035954953,-0.19197112,-0.223834196,0.259377224,0.067276544,0.329058295,1.744232943
44,PE,0.003767135,0.003315937,0.001637185,2.68E-06,0.001509186,0.029365806,-0.165713084,-0.192176038,0.271003159,0.073442712,0.350349234,1.754774309
45,PE,0.003679381,0.003225905,0.001639824,2.69E-06,0.001510712,0.029468046,-0.157352026,-0.183054716,0.276324909,0.076355455,0.359475523,1.76807532
46,PE,0.003773797,0.003322041,0.001637484,2.68E-06,0.00150766,0.029419215,-0.16783372,-0.194610184,0.270734337,0.073297081,0.349785598,1.760022506
47,PE,0.003829989,0.003355613,0.00170431,2.90E-06,0.00150766,0.032521516,-0.182564785,-0.211267605,0.266665608,0.071110547,0.342221301,1.751664084
48,PE,0.003785004,0.003332723,0.001637067,2.68E-06,0.001506134,0.029463468,-0.170463072,-0.197589842,0.27015633,0.072984443,0.348701384,1.755692693
49,PE,0.003963381,0.003454801,0.001822995,3.32E-06,0.001556491,0.02938717,-0.179761888,-0.208304002,0.263909911,0.069648441,0.338167351,1.743976116
50,PE,0.004566765,0.004126228,0.001627153,2.65E-06,0.00150766,0.034798266,-0.240238009,-0.272158031,0.23407873,0.054792852,0.288354557,1.67503041
51,PE,0.004526701,0.004085027,0.001628489,2.65E-06,0.001506134,0.034754013,-0.237216148,-0.269007972,0.235759466,0.055582526,0.290870852,1.675154699
52,PE,0.004491093,0.004048404,0.00162787,2.65E-06,0.001504608,0.034874565,-0.234656715,-0.266304347,0.237042732,0.056189257,0.293170046,1.678092033
53,PE,0.00445704,0.004014832,0.001628101,2.65E-06,0.001503082,0.034801318,-0.23231404,-0.263975807,0.23840882,0.056838765,0.29513873,1.681998491
54,PE,0.004432681,0.003988891,0.001628269,2.65E-06,0.001503082,0.034860831,-0.229761169,-0.26109958,0.239335959,0.057281701,0.296605133,1.689532203
55,PE,0.004403317,0.003959897,0.001629188,2.65E-06,0.001501556,0.034815052,-0.227896553,-0.259259258,0.240635711,0.057905546,0.298827499,1.693282276
56,PE,0.004386163,0.003941586,0.001630222,2.66E-06,0.001503082,0.034935604,-0.226458246,-0.257831324,0.24149132,0.058318058,0.300208237,1.691356587
57,PE,0.004887536,0.004445157,0.00161532,2.61E-06,0.001483245,0.034558689,-0.261429106,-0.293696914,0.222184382,0.0493659,0.269585252,1.635729838
58,PE,0.004823352,0.00437954,0.001617557,2.62E-06,0.001484771,0.034689922,-0.256632182,-0.288809929,0.224508709,0.050404161,0.273256636,1.640455346
59,PE,0.004757038,0.004312397,0.001617636,2.62E-06,0.001483245,0.034689922,-0.252881388,-0.285010336,0.226737053,0.051409691,0.27678152,1.657606942
60,POM,0.012650982,0.01169505,0.003425896,1.17E-05,0.003088567,0.066092901,-0.291521476,-0.320662169,0.190813902,0.036409945,0.217734807,1.642484419
61,POM,0.013174249,0.012201672,0.003523523,1.24E-05,0.003289996,0.066489654,-0.300542,-0.329700271,0.187269451,0.035069847,0.213612722,1.6256075
62,POM,0.01365521,0.0117744,0.006175655,3.81E-05,0.003491424,0.072703412,-0.300422743,-0.329007137,0.191926253,0.036835687,0.220655053,1.644628626
63,POM,0.01304547,0.012110114,0.003408659,1.16E-05,0.003082464,0.066172252,-0.300364432,-0.329215564,0.185758558,0.034506242,0.210688666,1.61753663
64,POM,0.013385465,0.012445828,0.003391924,1.15E-05,0.003033632,0.066013551,-0.303994649,-0.33266783,0.183490525,0.033668773,0.20818111,1.611580335
65,POM,0.014387459,0.013446866,0.003417827,1.17E-05,0.003100775,0.067002381,-0.321660142,-0.349851337,0.175625518,0.030844323,0.198031848,1.590721035
66,POM,0.012571582,0.011591284,0.003666266,1.34E-05,0.003521943,0.066715498,-0.287766597,-0.317713749,0.194698954,0.037907683,0.224124946,1.635542989
67,POM,0.019563378,0.016694134,0.009406355,8.85E-05,0.006805835,0.137569432,-0.342780614,-0.369652797,0.154855476,0.023980218,0.171838237,1.528457109
68,POM,0.013429147,0.012494659,0.003405927,1.16E-05,0.003070256,0.066996277,-0.304911618,-0.333634718,0.182866,0.033439974,0.207210639,1.606767776
69,POM,0.014369214,0.013282061,0.004146853,1.72E-05,0.003149606,0.080101325,-0.315971057,-0.343949043,0.176352895,0.031100343,0.199175564,1.579117399
70,POM,0.012970116,0.012030764,0.003416067,1.17E-05,0.00307636,0.067020692,-0.296475485,-0.325481798,0.18792686,0.035316505,0.213889794,1.622134165
71,POM,0.014478309,0.013514008,0.003451452,1.19E-05,0.00304584,0.071928218,-0.320944123,-0.348863651,0.174138153,0.030324096,0.196035454,1.572211955
72,POM,0.011900892,0.010956479,0.003392542,1.15E-05,0.003033632,0.0659342,-0.276225205,-0.305505141,0.198110676,0.03924784,0.2278847,1.656232957
73,POM,0.013376658,0.012445828,0.003377743,1.14E-05,0.003009217,0.066617836,-0.306640361,-0.33532934,0.183112131,0.033530053,0.207250189,1.617469547
74,POM,0.012315584,0.01136544,0.003423394,1.17E-05,0.003082464,0.066306537,-0.286233944,-0.315628191,0.194744904,0.037925578,0.223110895,1.642205209
75,POM,0.012337098,0.011402063,0.003394582,1.15E-05,0.00304584,0.065793811,-0.289074738,-0.318708104,0.193549446,0.037461388,0.221576254,1.636389784
76,POM,0.012254946,0.011304401,0.003411638,1.16E-05,0.003058048,0.065488616,-0.286232082,-0.315852204,0.195199294,0.038102764,0.223956134,1.64389681
77,POM,0.015093995,0.013892449,0.004790721,2.30E-05,0.003692852,0.069950559,-0.322293298,-0.351258084,0.174063778,0.030298199,0.195857693,1.596760913
78,POM,0.014208749,0.013208814,0.003581398,1.28E-05,0.003418177,0.071201856,-0.319132542,-0.347570741,0.178556567,0.031882447,0.202782408,1.584446822
79,POM,0.011972783,0.011017518,0.003438691,1.18E-05,0.003100775,0.073582372,-0.278607423,-0.308431766,0.198931245,0.03957364,0.229127554,1.650113773
80,PS,0.0041668,0.003717268,0.001628013,2.65E-06,0.001493927,0.029338339,-0.232036646,-0.265021458,0.252484163,0.063748253,0.318764994,1.709510389
81,PS,0.003847521,0.003396814,0.001635115,2.67E-06,0.001501556,0.029500092,-0.200769875,-0.231660231,0.268523578,0.072104912,0.346009425,1.751514724
82,PS,0.003848311,0.003396814,0.001633887,2.67E-06,0.001503082,0.02934139,-0.200919218,-0.231726282,0.267977416,0.071811896,0.344750926,1.749762574
83,PS,0.003811575,0.003358664,0.001636095,2.68E-06,0.001503082,0.029457364,-0.195574078,-0.225922056,0.270291883,0.073057702,0.349273874,1.74723554
84,PS,0.004199091,0.003729476,0.001683575,2.83E-06,0.001518342,0.035178234,-0.232961845,-0.26631906,0.252010632,0.063509359,0.318232208,1.718318316
85,PS,0.003903357,0.003448697,0.001648189,2.72E-06,0.001539706,0.029469572,-0.205493664,-0.236783895,0.265964824,0.070737287,0.341508429,1.739508785
86,PS,0.003982048,0.003531099,0.001634442,2.67E-06,0.001506134,0.029173534,-0.213218081,-0.24510329,0.261405696,0.068332938,0.333735832,1.737462268
87,PS,0.004037914,0.003589086,0.001628203,2.65E-06,0.001503082,0.029353598,-0.220715323,-0.253092292,0.257809986,0.066465989,0.327416739,1.725509571
88,PS,0.003895231,0.003439541,0.001639648,2.69E-06,0.001510712,0.029393274,-0.204375931,-0.235752849,0.265970307,0.070740204,0.341706482,1.749580463
89,PS,0.003912969,0.003454801,0.001650414,2.72E-06,0.001529024,0.029358176,-0.206528126,-0.238007371,0.265135242,0.070296697,0.339943831,1.746083137
90,PS,0.003803687,0.003352561,0.001631615,2.66E-06,0.001500031,0.029512299,-0.195334691,-0.225659169,0.270026543,0.072914334,0.348446912,1.756112392
91,PS,0.00382035,0.003369346,0.001634662,2.67E-06,0.001504608,0.029526033,-0.196678739,-0.227053139,0.269475071,0.072616814,0.347537359,1.755225004
92,PS,0.003894066,0.003442593,0.001633134,2.67E-06,0.001501556,0.029388696,-0.206671814,-0.238051043,0.265717175,0.070605617,0.341029867,1.735283435
93,PS,0.00404524,0.00359519,0.001630939,2.66E-06,0.001500031,0.02960691,-0.221413274,-0.253996447,0.258391406,0.066766119,0.32850275,1.722211093
94,PS,0.00414555,0.003695904,0.001629392,2.65E-06,0.001495453,0.029448209,-0.230213519,-0.263336155,0.253781248,0.064404922,0.321022936,1.714639636
95,PS,0.003929867,0.003474638,0.001659795,2.75E-06,0.001544284,0.029672526,-0.204704229,-0.235877934,0.267053383,0.07131751,0.343655008,1.750336678
96,PS,0.004147924,0.00369743,0.001633737,2.67E-06,0.001501556,0.029248306,-0.232046492,-0.265412747,0.254351713,0.064694794,0.321570133,1.713472005
97,PS,0.003905957,0.003448697,0.001653403,2.73E-06,0.00153818,0.029327657,-0.206157609,-0.237823367,0.266645596,0.071099874,0.34291208,1.743127513
98,PS,0.004057137,0.003605872,0.001634249,2.67E-06,0.001500031,0.02936428,-0.223484219,-0.256076633,0.25840109,0.066771123,0.328527625,1.728479028
99,PS,0.005756358,0.003531099,0.008131715,6.61E-05,0.00195477,0.048467924,-0.202582113,-0.231264367,0.266213575,0.070869667,0.361554285,1.753066831
100,PP,0.003628448,0.003161814,0.001720956,2.96E-06,0.001651102,0.030084539,-0.155804859,-0.183807808,0.289740134,0.083949345,0.385272072,1.832442578
101,PP,0.003837101,0.00338308,0.001643776,2.70E-06,0.001518342,0.029339864,-0.194470707,-0.224544241,0.269637356,0.072704304,0.348252487,1.742456729
102,PP,0.003779016,0.003329671,0.001643321,2.70E-06,0.001516816,0.02945126,-0.188180483,-0.217844296,0.273081813,0.074573677,0.354171298,1.758279549
103,PP,0.003749419,0.003302204,0.001621973,2.63E-06,0.001492401,0.029107917,-0.19350313,-0.223779237,0.271949865,0.073956729,0.352294068,1.757517197
104,PP,0.003980978,0.003532625,0.001637869,2.68E-06,0.001510712,0.029512299,-0.212568637,-0.244399184,0.262120312,0.068707058,0.33525174,1.743891521
105,PP,0.00383328,0.003381554,0.001637526,2.68E-06,0.00150766,0.029524507,-0.196667389,-0.227034922,0.269249067,0.07249506,0.347366315,1.746594946
106,PP,0.003813538,0.003361716,0.001640423,2.69E-06,0.001512238,0.02949704,-0.192611222,-0.22245614,0.270562082,0.07320384,0.349794133,1.750466411
107,PP,0.003994598,0.003543307,0.001636823,2.68E-06,0.00150766,0.02945889,-0.212048305,-0.243508888,0.260952821,0.068096375,0.333156849,1.734361521
108,PP,0.003770624,0.003308307,0.001664575,2.77E-06,0.001561069,0.029376488,-0.188607405,-0.218402961,0.273797784,0.074965226,0.355506755,1.760321598
109,PP,0.003660997,0.003206067,0.0016498,2.72E-06,0.001532076,0.02945889,-0.174123814,-0.202284928,0.279314163,0.078016401,0.365083703,1.773204552
110,PP,0.003995035,0.003529573,0.001677944,2.82E-06,0.001525972,0.029429897,-0.210028708,-0.241686942,0.262380212,0.068843376,0.335847433,1.74443874
111,PP,0.003923936,0.003459379,0.001697132,2.88E-06,0.001622108,0.029431423,-0.199060621,-0.230090441,0.266555912,0.071052054,0.342821098,1.758102139
112,PP,0.003956153,0.003503632,0.001697097,2.88E-06,0.001611426,0.029423793,-0.203799323,-0.236230666,0.267010513,0.071294614,0.344349702,1.751808391
113,PP,0.003874931,0.003425807,0.001639077,2.69E-06,0.001512238,0.029501618,-0.198688713,-0.229297838,0.267134869,0.071361038,0.343709802,1.746779033
114,PP,0.003884467,0.003425807,0.001671716,2.79E-06,0.001583959,0.02936428,-0.201151123,-0.232486679,0.268281914,0.071975186,0.34584148,1.75585009
115,PP,0.003927842,0.003479216,0.001662974,2.77E-06,0.001576329,0.029258988,-0.205247566,-0.237034026,0.264484978,0.069952304,0.339262505,1.754896428
116,PP,0.003684478,0.003232009,0.001643904,2.70E-06,0.001518342,0.029353598,-0.172616665,-0.200347297,0.277448623,0.076977738,0.362132926,1.766271083
117,PP,0.003842823,0.003337301,0.001787016,3.19E-06,0.001643472,0.030598791,-0.187402837,-0.218005384,0.274308366,0.07524508,0.357885172,1.7503603
118,PP,0.00366775,0.003219801,0.001644126,2.70E-06,0.001521394,0.029355124,-0.176283279,-0.204878048,0.278894638,0.077782219,0.364598421,1.77143314
119,PP,0.003724368,0.00327321,0.001638978,2.69E-06,0.00150766,0.029382592,-0.183473145,-0.212662534,0.27558021,0.075944452,0.358762169,1.774589231
120,PVC,0.111915446,0.110309467,0.008649427,7.48E-05,0.004004151,0.1122444,-0.145368034,-0.14434055,0.104610461,0.010943349,0.148836227,0.875350159
121,PVC,0.106867061,0.105383629,0.007914077,6.26E-05,0.003912592,0.115680889,-0.171137062,-0.172381015,0.108274424,0.011723351,0.153907591,0.894672245
122,PVC,0.102810148,0.101422206,0.00730814,5.34E-05,0.00381493,0.116883355,-0.192236226,-0.195440816,0.110129566,0.012128521,0.155809958,0.915553759
123,PVC,0.099435621,0.098113899,0.006839613,4.68E-05,0.003741683,0.111456998,-0.210142179,-0.214934898,0.110860972,0.012290155,0.156062607,0.936911728
124,PVC,0.096559817,0.095293902,0.006467227,4.18E-05,0.003686748,0.105597265,-0.225059252,-0.23109365,0.110913298,0.01230176,0.155182594,0.954021737
125,PVC,0.094055356,0.092840139,0.006168192,3.80E-05,0.003631813,0.103308307,-0.237999364,-0.245140854,0.110479942,0.012205818,0.153676218,0.963383361
126,PVC,0.090960422,0.089794299,0.005819698,3.39E-05,0.003564671,0.096001953,-0.253401052,-0.261619192,0.109455653,0.01198054,0.151107642,0.97118236
127,PVC,0.08901353,0.087883782,0.005611664,3.15E-05,0.00351584,0.093651956,-0.263084526,-0.271932754,0.108556923,0.011784606,0.149057946,0.98130124
128,PVC,0.087264176,0.086162486,0.005438517,2.96E-05,0.00348532,0.092034426,-0.271284963,-0.280592294,0.107551738,0.011567376,0.147020075,0.981843304
129,PVC,0.085668128,0.084581578,0.00529638,2.81E-05,0.003473112,0.08855521,-0.278528535,-0.288178855,0.106501934,0.011342662,0.144880425,0.98523508
130,PVC,0.084216861,0.083147165,0.005172517,2.68E-05,0.003448697,0.086504303,-0.285019658,-0.294953712,0.105443705,0.011118375,0.143022539,0.985351776
131,PVC,0.148212715,0.147915522,0.004979912,2.48E-05,0.005334798,0.08375145,-0.024402319,-0.022461589,0.060540017,0.003665094,0.07945578,0.61813552
132,PVC,0.137489822,0.137154367,0.00487609,2.38E-05,0.005066227,0.091704816,-0.045210772,-0.041777145,0.072457704,0.005250119,0.096460061,0.68923986
133,PVC,0.130135587,0.129768663,0.004812738,2.32E-05,0.004822072,0.098174937,-0.066073392,-0.061790777,0.081764542,0.00668544,0.110654136,0.731923614
134,PVC,0.123614396,0.123225295,0.004784245,2.29E-05,0.004632851,0.102465971,-0.089665238,-0.085335175,0.090229058,0.008141283,0.124304046,0.785545758
135,PVC,0.120090123,0.119685039,0.004764916,2.27E-05,0.004522981,0.104315449,-0.104456487,-0.100548357,0.094581881,0.008945732,0.131521775,0.812884152
136,PVC,0.117049201,0.116633095,0.004716695,2.22E-05,0.004437527,0.107294146,-0.118119997,-0.114873287,0.098063397,0.00961643,0.137288998,0.839939231
137,PVC,0.114375285,0.113953488,0.004639943,2.15E-05,0.004358176,0.109631936,-0.131083224,-0.128587738,0.100858643,0.010172466,0.141881035,0.853931687
138,PVC,0.111952339,0.111530245,0.004535232,2.06E-05,0.004266618,0.11012635,-0.14289565,-0.141242012,0.103156695,0.010641304,0.145496768,0.873003042
139,PVC,0.101558315,0.101117012,0.004514501,2.04E-05,0.004455838,0.11026674,-0.194342664,-0.197465419,0.108023283,0.01166903,0.152150419,0.929221731
140,PET,0.071438038,0.071119835,0.00482996,2.33E-05,0.004663752,0.117442623,-0.465708082,-0.479241065,0.098526079,0.009707388,0.12533145,1.070066144
141,PET,0.090526284,0.090156336,0.004863671,2.37E-05,0.004997558,0.110356391,-0.439606384,-0.451836196,0.101308729,0.010263459,0.133651669,1.053119022
142,PET,0.059628617,0.058902521,0.004392075,1.93E-05,0.003929378,0.106264878,-0.471639709,-0.485955036,0.099563341,0.009912859,0.123377038,1.081180594
143,PET,0.095912715,0.095392327,0.004635579,2.15E-05,0.004692364,0.12347975,-0.428520088,-0.440165209,0.102928988,0.010594377,0.137093281,1.058247219
144,PET,0.100291126,0.100037005,0.004981466,2.48E-05,0.005035708,0.112349692,-0.419752093,-0.431019028,0.104317185,0.010882075,0.139737137,1.060353473
145,PET,0.099685167,0.099455228,0.004827463,2.33E-05,0.004835424,0.114896158,-0.42167329,-0.433038805,0.104048907,0.010826175,0.139189282,1.049701582
146,PET,0.111340143,0.111090765,0.004966497,2.47E-05,0.005197842,0.141944012,-0.393256086,-0.403079115,0.109195542,0.011923666,0.148529479,1.053833637
147,PET,0.080037465,0.079712965,0.004996565,2.50E-05,0.005121544,0.107476119,-0.452637353,-0.465537264,0.099121345,0.009825041,0.12836816,1.052280571
148,PET,0.081258824,0.080876518,0.004670513,2.18E-05,0.00449208,0.117805042,-0.453943166,-0.466902646,0.099350211,0.009870465,0.128909103,1.060962284
149,PET,0.095873903,0.095640298,0.004796761,2.30E-05,0.005007096,0.111224287,-0.42832148,-0.440016402,0.102738374,0.010555174,0.136734338,1.041042854
150,PET,0.090852016,0.090404306,0.004681673,2.19E-05,0.004501618,0.118711088,-0.438356838,-0.450516488,0.101541483,0.010310673,0.13427603,1.054860469
151,PET,0.079702282,0.079102576,0.004474727,2.00E-05,0.004139199,0.109869987,-0.456836256,-0.469848066,0.099575041,0.009915189,0.12905142,1.057060762
152,PET,0.088268588,0.089159685,0.006829011,4.66E-05,0.007505875,0.116708249,-0.439560151,-0.451830695,0.100169101,0.010033849,0.131363794,1.048218502
153,PET,0.112858654,0.112788409,0.005212614,2.72E-05,0.005092932,0.14615951,-0.390211057,-0.400228339,0.109288877,0.011944059,0.148186274,1.055618037
154,PET,0.070677779,0.070938625,0.005941152,3.53E-05,0.005894067,0.110022584,-0.467068573,-0.480551723,0.099241058,0.009848788,0.126591073,1.082377483
155,PET,0.13627953,0.13728026,0.006809375,4.64E-05,0.008440533,0.136297916,-0.310955733,-0.318372601,0.116445529,0.013559561,0.160318777,1.036146809
156,PET,0.125336104,0.126007142,0.00645433,4.17E-05,0.006590292,0.127161158,-0.351011848,-0.35979812,0.113946285,0.012983756,0.15568049,1.046535526
157,PET,0.080639338,0.080285204,0.004766284,2.27E-05,0.004740051,0.118033938,-0.454500064,-0.467581264,0.099517136,0.00990366,0.129024586,1.050835408
158,PET,0.109143291,0.108601523,0.004550937,2.07E-05,0.004654215,0.118243759,-0.396905281,-0.407125821,0.107393984,0.011533468,0.145427455,1.052532112
159,PET,0.09606423,0.095792895,0.004876944,2.38E-05,0.004806812,0.125043872,-0.429873319,-0.441605298,0.103173881,0.01064485,0.137412521,1.063193563
160,PU,0.035285309,0.034200848,0.004218134,1.78E-05,0.003748169,0.089975127,-0.43269824,-0.451477895,0.117479965,0.013801542,0.133628383,1.33022721
161,PU,0.033351422,0.032331533,0.00421055,1.77E-05,0.00371002,0.088601752,-0.430169844,-0.449607892,0.120457198,0.014509937,0.136051478,1.354404909
162,PU,0.030795976,0.029718306,0.004193971,1.76E-05,0.00371002,0.094820088,-0.42474415,-0.44569773,0.12616962,0.015918773,0.14149604,1.381733405
163,PU,0.02872015,0.027610557,0.004247415,1.80E-05,0.003748169,0.088058124,-0.415269457,-0.437455829,0.1321627,0.017466979,0.147134881,1.408793765
164,PU,0.045097698,0.044167353,0.004262376,1.82E-05,0.003834005,0.097290255,-0.454686347,-0.47087597,0.105832235,0.011200462,0.125192343,1.217870881
165,PU,0.034519451,0.033456937,0.004196861,1.76E-05,0.003700482,0.089956052,-0.430791514,-0.449914137,0.118900318,0.014137286,0.134871691,1.324202963
166,PU,0.034794468,0.033762131,0.004246172,1.80E-05,0.003776781,0.089259827,-0.432612341,-0.451686034,0.118682863,0.014085622,0.134854574,1.318021778
167,PU,0.032371476,0.031282427,0.004174096,1.74E-05,0.00367187,0.088334707,-0.423790686,-0.443764117,0.122735618,0.015064032,0.138380554,1.368108669
168,PU,0.080108091,0.07940777,0.004295846,1.85E-05,0.00410105,0.108658747,-0.456640503,-0.469617238,0.099562222,0.009912636,0.12912979,1.058354561
169,PU,0.035503763,0.034429744,0.004185532,1.75E-05,0.003700482,0.090976546,-0.435494456,-0.454288937,0.117373486,0.013776535,0.133801147,1.315629387
170,PU,0.031258265,0.030281008,0.004334957,1.88E-05,0.003929378,0.088029512,-0.420908272,-0.441741356,0.126148799,0.01591352,0.141687215,1.36090745
171,PU,0.03986562,0.038855063,0.004195525,1.76E-05,0.003681408,0.09320828,-0.434935744,-0.451779266,0.110402864,0.012188792,0.127594459,1.279125189
172,PU,0.03268599,0.031711607,0.004307838,1.86E-05,0.00381493,0.090633202,-0.427587632,-0.447594793,0.122544493,0.015017153,0.138200663,1.34012405
173,PU,0.028450217,0.027372124,0.004295555,1.85E-05,0.003843542,0.089870216,-0.414272682,-0.436757009,0.133371809,0.017788039,0.14876081,1.41504594
174,PU,0.035774545,0.034725401,0.004221644,1.78E-05,0.003700482,0.088411005,-0.434792032,-0.453463202,0.117008919,0.013691087,0.1335513,1.317748579
175,PU,0.043055318,0.042193127,0.004333075,1.88E-05,0.00371002,0.096269761,-0.455087002,-0.471786479,0.107810945,0.0116232,0.126464636,1.237580519
176,PU,0.037892602,0.036918986,0.004248692,1.81E-05,0.003690945,0.090642739,-0.434986649,-0.452781417,0.113637531,0.012913488,0.130636164,1.310868759
177,PU,0.03412743,0.03316128,0.004305112,1.85E-05,0.003853079,0.089364738,-0.428595781,-0.447945975,0.119951433,0.014388346,0.135905129,1.340245816
178,PU,0.031063852,0.030099799,0.004453076,1.98E-05,0.003757706,0.095506775,-0.418734339,-0.439658026,0.126786637,0.016074851,0.142369668,1.393197914
179,PU,0.040192075,0.03929378,0.004287126,1.84E-05,0.003881691,0.091110068,-0.441193023,-0.458276332,0.110636032,0.012240331,0.128286366,1.260266051
180,ABS,0.146392454,0.145778017,0.004565429,2.08E-05,0.004177348,0.12390893,-0.256455181,-0.262026563,0.113396971,0.012858873,0.157495052,0.981921525
181,ABS,0.239372559,0.238890924,0.005980654,3.58E-05,0.006323247,0.157642449,-0.019371457,-0.017837191,0.056546247,0.003197478,0.073843708,0.720965397
182,ABS,0.16558343,0.164909891,0.004942483,2.44E-05,0.004425319,0.160570408,-0.184717636,-0.185440733,0.11019573,0.012143099,0.155371972,0.919213346
183,ABS,0.297781227,0.297793444,0.005533538,3.06E-05,0.006943173,0.122688152,-0.000827373,-0.00030009,0.022954253,0.000526898,0.025899682,0.541282755
184,ABS,0.271727347,0.271308292,0.005913761,3.50E-05,0.006771501,0.137375633,-0.004794109,-0.004480609,0.038455111,0.001478796,0.046923415,0.595403619
185,ABS,0.28866993,0.288971419,0.006037864,3.65E-05,0.006504456,0.127351904,-0.001914756,-0.001000017,0.028863303,0.00083309,0.032974126,0.56657817
186,ABS,0.253852592,0.253387658,0.005933917,3.52E-05,0.006494919,0.148934872,-0.010533057,-0.009783408,0.048285505,0.00233149,0.061977665,0.653667076
187,ABS,0.311544688,0.3125,0.002264897,5.13E-06,0.000762986,0.088906946,-0.000143319,0,0.007017645,4.92E-05,0,0.366608918
188,ABS,0.294961452,0.294951321,0.00575196,3.31E-05,0.00709577,0.125778246,-0.001095554,-0.000619235,0.024909118,0.000620464,0.027655561,0.548333585
189,ABS,0.311566157,0.3125,0.002305612,5.32E-06,0.00067715,0.091968428,-0.000133195,0,0.006923045,4.79E-05,0,0.391706668
190,ABS,0.206823451,0.206254196,0.006062791,3.68E-05,0.005541186,0.175639382,-0.062903635,-0.058552371,0.080219252,0.006435128,0.108256686,0.785325134
191,ABS,0.161084448,0.160427348,0.004838949,2.34E-05,0.00438717,0.152978697,-0.20141855,-0.203332836,0.111716178,0.012480504,0.15720653,0.945865524
192,ABS,0.214841811,0.214236938,0.00589151,3.47E-05,0.005340902,0.172816334,-0.048172151,-0.044550606,0.073524187,0.005405806,0.098058893,0.787909666
193,ABS,0.177999008,0.177413325,0.005450536,2.97E-05,0.004673289,0.185624962,-0.141233719,-0.138809595,0.103667342,0.010746918,0.145847353,0.86742137
194,ABS,0.198683809,0.198309604,0.006211947,3.86E-05,0.005388589,0.181991241,-0.081526653,-0.076733437,0.087454309,0.007648256,0.119500998,0.807978075
195,ABS,0.213264747,0.212653742,0.005976604,3.57E-05,0.005636559,0.171662318,-0.050616956,-0.046802657,0.074815103,0.0055973,0.09997005,0.78449824
196,ABS,0.25600283,0.255476332,0.005948037,3.54E-05,0.00670474,0.145501434,-0.009557073,-0.008921708,0.047077566,0.002216297,0.060322917,0.627620396
197,ABS,0.264685701,0.264288821,0.005932115,3.52E-05,0.006647516,0.142125221,-0.006481862,-0.006083999,0.042363365,0.001794655,0.053101585,0.609230166
198,ABS,0.220406764,0.219778124,0.005852334,3.42E-05,0.005541186,0.16880112,-0.039432272,-0.036275588,0.06923603,0.004793628,0.091736704,0.766526179
199,ABS,0.229200369,0.228809971,0.006154403,3.79E-05,0.006428157,0.163622352,-0.028581788,-0.026298241,0.062973088,0.00396561,0.08285961,0.747158407
200,SAN,0.023572593,0.022706464,0.003311239,1.10E-05,0.002948178,0.062894464,-0.445081508,-0.467625898,0.130495707,0.01702913,0.148136183,1.393447551
201,SAN,0.03013013,0.029329183,0.00332065,1.10E-05,0.002978697,0.065348227,-0.458580894,-0.477105502,0.114912301,0.013204837,0.134868179,1.280973302
202,SAN,0.028902795,0.02808399,0.00329741,1.09E-05,0.002942074,0.064487579,-0.458070088,-0.477165339,0.116988223,0.013686244,0.136371272,1.301483967
203,SAN,0.028132888,0.027308796,0.003286481,1.08E-05,0.002929866,0.064322774,-0.457453045,-0.476920362,0.11841382,0.014021833,0.1374962,1.316006702
204,SAN,0.027625457,0.026789965,0.003296572,1.09E-05,0.002942074,0.064872124,-0.456069809,-0.475852755,0.119739328,0.014337507,0.138638103,1.329360012
205,SAN,0.027210925,0.026368797,0.003304215,1.09E-05,0.002942074,0.064609656,-0.455209723,-0.475281686,0.120861569,0.014607519,0.13956232,1.334113762
206,SAN,0.026760484,0.025911005,0.003309295,1.10E-05,0.002942074,0.064811085,-0.453676997,-0.474034456,0.121951457,0.014872158,0.140413398,1.330981461
207,SAN,0.02629407,0.025441006,0.003310486,1.10E-05,0.002948178,0.064243423,-0.4530846,-0.473755204,0.12314483,0.015164649,0.141593116,1.339651935
208,SAN,0.025883793,0.025025942,0.003313412,1.10E-05,0.002948178,0.063932125,-0.452468042,-0.473446616,0.124330617,0.015458102,0.142693092,1.368248803
209,SAN,0.025577725,0.024714643,0.003302634,1.09E-05,0.00293597,0.064273943,-0.45185925,-0.47296971,0.12487343,0.015593374,0.143134146,1.362445616
210,SAN,0.025322006,0.02445828,0.003299354,1.09E-05,0.00293597,0.063749008,-0.451379036,-0.472658234,0.12546009,0.015740234,0.143483195,1.364963595
211,SAN,0.0339969,0.033138009,0.003555241,1.26E-05,0.002954282,0.084703656,-0.461138966,-0.478031313,0.109213546,0.011927599,0.130781113,1.223628513
212,SAN,0.03209585,0.0312397,0.003451794,1.19E-05,0.002917659,0.078886651,-0.462045253,-0.479622478,0.111305086,0.012388822,0.131941449,1.245910453
213,SAN,0.031235924,0.030372948,0.003429387,1.18E-05,0.002923762,0.078654703,-0.461790043,-0.479749257,0.112761845,0.012715234,0.133060616,1.262523663
214,SAN,0.030109031,0.029237624,0.003414321,1.17E-05,0.002954282,0.077617042,-0.459958059,-0.478523751,0.115059644,0.013238722,0.134927753,1.287151017
215,SAN,0.029668702,0.028792041,0.003409414,1.16E-05,0.002948178,0.077946652,-0.459399102,-0.478146851,0.115878047,0.013427722,0.13562425,1.286873997
216,SAN,0.029076186,0.028199963,0.003398215,1.15E-05,0.002954282,0.078026003,-0.458968197,-0.478017266,0.117021123,0.013693943,0.136516664,1.300757764
217,SAN,0.028300093,0.027430873,0.003365907,1.13E-05,0.00293597,0.076756394,-0.458793375,-0.478221026,0.118255669,0.013984403,0.137371414,1.308288214
218,SAN,0.027863282,0.02698529,0.003371777,1.14E-05,0.002948178,0.075914057,-0.457670795,-0.477344099,0.119411067,0.014259003,0.138352741,1.304101079
219,SAN,0.027497438,0.026612952,0.003371395,1.14E-05,0.002960386,0.076738082,-0.456925766,-0.476865162,0.120383371,0.014492156,0.139230959,1.322249558
220,PE-LD,0.003855404,0.003386132,0.001705711,2.91E-06,0.001583959,0.030374474,-0.162953686,-0.189096115,0.2755542,0.075930117,0.359067003,1.761543097
221,PE-LD,0.003728442,0.003264054,0.001665391,2.77E-06,0.001541232,0.029391748,-0.162468136,-0.188937909,0.274490221,0.075344882,0.356491722,1.76506602
222,PE-LD,0.004485525,0.003523469,0.003621464,1.31E-05,0.001698407,0.045716596,-0.179597312,-0.207868852,0.258927751,0.06704358,0.326230957,1.731964097
223,PE-LD,0.004701388,0.003715742,0.003189943,1.02E-05,0.00194714,0.035817616,-0.187826877,-0.219144489,0.252321058,0.063665916,0.311293905,1.721797035
224,PE-LD,0.003863876,0.003409022,0.001637505,2.68E-06,0.001512238,0.029326131,-0.18531926,-0.214321232,0.265750512,0.070623335,0.340926158,1.74855393
225,PE-LD,0.003739844,0.003286944,0.00163865,2.69E-06,0.001510712,0.029310871,-0.166104084,-0.192728809,0.272506494,0.074259789,0.352638098,1.757436357
226,PE-LD,0.003642239,0.003193859,0.001628761,2.65E-06,0.001501556,0.029213209,-0.160347548,-0.186560565,0.276728741,0.076578796,0.360157362,1.769255777
227,PE-LD,0.003782494,0.003331197,0.001634905,2.67E-06,0.001503082,0.029400903,-0.172724566,-0.20008874,0.269916166,0.072854737,0.348131843,1.745913659
228,PE-LD,0.003774721,0.003322041,0.001637525,2.68E-06,0.00150766,0.029503144,-0.170408675,-0.197621545,0.270537124,0.073190336,0.349106245,1.750746887
229,PE-LD,0.003910384,0.003465483,0.001642346,2.70E-06,0.001521394,0.029771715,-0.182782966,-0.210895583,0.263006398,0.069172365,0.335751245,1.738119144
230,PE-LD,0.003702511,0.00325032,0.001635291,2.67E-06,0.001503082,0.029529085,-0.162807375,-0.189030981,0.274253619,0.075215047,0.35577271,1.76516029
231,PE-LD,0.003763089,0.003306781,0.001642739,2.70E-06,0.001519868,0.029303241,-0.16445919,-0.190819671,0.271121691,0.073506971,0.35025497,1.753308991
232,PE-LD,0.00378553,0.003302204,0.001722578,2.97E-06,0.001585485,0.03023561,-0.169686864,-0.197444831,0.274015841,0.075084681,0.35739766,1.761920623
233,PE-LD,0.003706372,0.003254898,0.001635563,2.68E-06,0.001503082,0.029501618,-0.161654394,-0.187806396,0.2738211,0.074977995,0.355003577,1.761722768
234,PE-LD,0.003806975,0.003357138,0.001628625,2.65E-06,0.001496979,0.029335287,-0.173277172,-0.20046216,0.267163695,0.07137644,0.343011499,1.749552306
235,PE-LD,0.003864274,0.003410548,0.001642726,2.70E-06,0.001524446,0.029492462,-0.175174674,-0.202823354,0.265408226,0.070441526,0.340248826,1.74891228
236,PE-LD,0.003741336,0.003289996,0.00163389,2.67E-06,0.001504608,0.029338339,-0.167776562,-0.194623027,0.271510657,0.073718037,0.350529749,1.753603149
237,PE-LD,0.003712666,0.003259476,0.001634769,2.67E-06,0.001503082,0.029294085,-0.162596294,-0.188700564,0.273457955,0.074779253,0.354349881,1.761211409
238,PE-LD,0.003621485,0.003169444,0.001638601,2.69E-06,0.00150766,0.029498566,-0.152425971,-0.177479892,0.279047572,0.077867547,0.364339965,1.771346352
239,PE-LD,0.003635758,0.003183178,0.00163971,2.69E-06,0.001510712,0.029443631,-0.154069708,-0.179307828,0.278389607,0.077500773,0.363243724,1.774375653
